Kanton;Sprache;Typ;Name;Adresse;Telefon;Website;Google Maps
"Aargau";"DE";"restaurant";"Zum Schützen";"Schachenallee 39, 5000 Aarau, Switzerland";"062 823 01 24";"http://www.gasthofschuetzen.ch/";"https://maps.google.com/?cid=1550301117278913504"
"Aargau";"DE";"bakery";"Mürset Restaurants";"Schachen 18, 5000 Aarau, Switzerland";"062 822 13 72";"https://www.muerset.ch/de";"https://maps.google.com/?cid=8603260843880718864"
"Aargau";"DE";"cafe";"La Creperie";"Pelzgasse 23, 5000 Aarau, Switzerland";"062 822 43 00";"http://www.lacreperie.ch/";"https://maps.google.com/?cid=5035001702618515113"
"Aargau";"DE";"restaurant";"La Spezia";"Bahnhofstrasse 88, 5000 Aarau, Switzerland";"062 823 64 40";"http://www.laspezia.ch/";"https://maps.google.com/?cid=18120752323303430228"
"Aargau";"DE";"health";"Ascott Hotel & Restaurant";"Bibersteinerstrasse 4, 5022 Rombach, Switzerland";"062 835 60 10";"http://hotelascott.ch/";"https://maps.google.com/?cid=9316758437677312764"
"Aargau";"DE";"bar";"Platzhirsch";"Rathausgasse 9, 5000 Aarau, Switzerland";"062 823 30 70";"https://www.derplatzhirsch.ch/";"https://maps.google.com/?cid=2502402257202279122"
"Aargau";"DE";"bar";"Home Barista Shop";"Bahnhofpl. 1, 5000 Aarau, Switzerland";"062 822 11 29";"http://www.homebaristashop.ch/";"https://maps.google.com/?cid=14286543997555712465"
"Aargau";"DE";"bar";"Theo";"Pelzgasse 29, 5000 Aarau, Switzerland";"062 822 51 71";"http://www.theo-aarau.ch/";"https://maps.google.com/?cid=11938746782649381916"
"Aargau";"DE";"bar";"Bühne Aarau, Bar im Stall";"Apfelhausenweg 20, 5000 Aarau, Switzerland";"062 834 80 40";"https://www.facebook.com/barimstall/?locale=de_DE";"https://maps.google.com/?cid=3310377677885835342"
"Aargau";"DE";"cafe";"portugies.ch";"Dammweg 57, 5000 Aarau, Switzerland";"062 824 04 88";"https://www.portugies.ch/";"https://maps.google.com/?cid=15650245385001111951"
"Aargau";"DE";"cafe";"Genuss-Oase";"Rain 12, 5000 Aarau, Switzerland";"062 822 59 73";"http://www.ccino.ch";"https://maps.google.com/?cid=13208496444288234495"
"Aargau";"DE";"church";"Reformierte Kirche Buchs AG";"Postweg 1, 5033 Buchs, Switzerland";"062 822 08 51";"https://www.ref-buchs-rohr.ch/";"https://maps.google.com/?cid=18143060470790789326"
"Aargau";"DE";"museum";"Dorfmuseum Buchs";"Gysistrasse 2, 5033 Buchs, Switzerland";"062 822 22 42";"";"https://maps.google.com/?cid=11402965667347353605"
"Aargau";"DE";"museum";"Aargauer Kunsthaus";"Aargauerpl., 5001 Aarau, Switzerland";"062 835 23 30";"http://www.aargauerkunsthaus.ch/";"https://maps.google.com/?cid=2011312371221610187"
"Aargau";"DE";"museum";"Naturama";"Feerstrasse 17, 5000 Aarau, Switzerland";"062 832 72 00";"https://www.naturama.ch/";"https://maps.google.com/?cid=16484248638205202890"
"Aargau";"DE";"museum";"Museum Suhr";"Tramstrasse 24, 5034 Suhr, Switzerland";"062 855 56 98";"http://www.museum-suhr.ch";"https://maps.google.com/?cid=4886600133261880195"
"Appenzell Ausserrhoden";"DE";"bakery";"Bäckerei-Konditorei Gerig";"Dorfstrasse 26, 9104 Waldstatt, Switzerland";"071 351 21 26";"http://www.baeckerei-gerig.ch/";"https://maps.google.com/?cid=10770323528208437735"
"Appenzell Ausserrhoden";"DE";"restaurant";"Lotusblume";"Alpsteinstrasse 49, 9100 Herisau, Switzerland";"071 351 30 35";"http://china-restaurant-lotusblume.ch/index.php";"https://maps.google.com/?cid=14760053103111815575"
"Appenzell Ausserrhoden";"DE";"bar";"Cherry Lounge";"Industriestrasse 28, 9100 Herisau, Switzerland";"079 618 54 34";"http://www.cherrylounge.ch/";"https://maps.google.com/?cid=7238561014148637511"
"Appenzell Ausserrhoden";"DE";"restaurant";"Casino Restaurant";"Poststrasse 9, 9100 Herisau, Switzerland";"071 351 10 97";"https://casinoherisau.ch/casino-restaurant/";"https://maps.google.com/?cid=1216491479052249210"
"Appenzell Ausserrhoden";"DE";"restaurant";"Kebab House";"Kasernenstrasse 11, 9100 Herisau, Switzerland";"071 556 95 32";"https://m.facebook.com/pages/Kebab-House-Herisau/194733624292637";"https://maps.google.com/?cid=14009182506461168645"
"Appenzell Ausserrhoden";"DE";"bar";"Angel's Bar Herisau";"Gossauerstrasse 14, 9100 Herisau, Switzerland";"078 774 09 17";"http://www.angelsbarherisau.ch/";"https://maps.google.com/?cid=2140878696291644164"
"Appenzell Ausserrhoden";"DE";"bar";"Amadeus Bar";"Bahnhofstrasse 23, 9100 Herisau, Switzerland";"071 350 13 48";"http://www.amadeus-bar.ch/";"https://maps.google.com/?cid=8739983950099708827"
"Appenzell Ausserrhoden";"DE";"bar";"Brauerei BoFo";"Mühlebühl 7, 9100 Herisau, Switzerland";"071 351 31 50";"http://www.bofo.ch/";"https://maps.google.com/?cid=637292259603782093"
"Appenzell Ausserrhoden";"DE";"bar";"Rathaus Bar";"Oberdorfstrasse 4, 9100 Herisau, Switzerland";"";"";"https://maps.google.com/?cid=4755970656640561110"
"Appenzell Ausserrhoden";"DE";"cafe";"Knöpfel's Oberdorfkafi";"Oberdorfstrasse 8, 9100 Herisau, Switzerland";"071 351 14 80";"";"https://maps.google.com/?cid=13473659078740249875"
"Appenzell Ausserrhoden";"DE";"cafe";"fiore caffè e bar";"Arthur-Schiess-Strasse 2, 9100 Herisau, Switzerland";"079 682 00 85";"https://www.fiore-herisau.ch/";"https://maps.google.com/?cid=11271462889475348465"
"Appenzell Ausserrhoden";"DE";"cafe";"Gasthaus Ochsen Schwellbrunn";"Egg 59, 9103 Schwellbrunn, Switzerland";"071 351 32 32";"https://www.restaurant-schwellbrunn.ch/";"https://maps.google.com/?cid=4927816277375319973"
"Appenzell Ausserrhoden";"DE";"cafe";"Panetarium Herisau";"Bahnhofpl. 7, 9100 Herisau, Switzerland";"071 351 49 07";"http://www.panetarium.ch/";"https://maps.google.com/?cid=4119522391759141031"
"Appenzell Ausserrhoden";"DE";"cafe";"Express Café-Bar Schwänli";"Cilanderstrasse 2, 9100 Herisau, Switzerland";"071 351 14 84";"https://www.facebook.com/Express-Bar-Herisau-455019475331419/";"https://maps.google.com/?cid=8652056170544525898"
"Appenzell Ausserrhoden";"DE";"tourist_attraction";"Rätselweg";"Rästelweg, Egg 72, 9103 Schwellbrunn, Switzerland";"";"http://www.raetselweg.ch/";"https://maps.google.com/?cid=5373369389785749933"
"Appenzell Ausserrhoden";"DE";"tourist_attraction";"Emma Kunz Pavillon";"Bad 30, 9104 Waldstatt, Switzerland";"";"";"https://maps.google.com/?cid=12262164736919269747"
"Appenzell Ausserrhoden";"DE";"museum";"Museum Herisau";"Platz 13, 9100 Herisau, Switzerland";"071 352 40 10";"http://www.museumherisau.ch/";"https://maps.google.com/?cid=14291195368281992635"
"Appenzell Ausserrhoden";"DE";"tourist_attraction";"Obstmarkt";"Oberdorfstrasse 1, 9100 Herisau, Switzerland";"";"";"https://maps.google.com/?cid=10156795699837413363"
"Appenzell Innerrhoden";"DE";"cafe";"Café-Hotel Appenzell";"Hauptgasse 37, 9050 Appenzell, Switzerland";"071 788 15 15";"http://www.hotel-appenzell.ch/";"https://maps.google.com/?cid=7651621610036791617"
"Appenzell Innerrhoden";"DE";"lodging";"Adler Hotel";"Weissbadstrasse 2, 9050 Appenzell, Switzerland";"071 787 13 89";"http://www.adlerhotel.ch/";"https://maps.google.com/?cid=12818590852342481224"
"Appenzell Innerrhoden";"DE";"lodging";"Appenzeller Hotel Säntis";"Landsgemeindepl. 3, 9050 Appenzell, Switzerland";"071 788 11 11";"http://www.appenzeller-hotels.ch/saentis";"https://maps.google.com/?cid=13052060898720278938"
"Appenzell Innerrhoden";"DE";"health";"Frohe Aussicht Hotel - Restaurant";"Küchenrain 11, 9057 Schwende, Switzerland";"071 799 11 74";"http://www.froheaussicht.ch/";"https://maps.google.com/?cid=5147301921295255486"
"Appenzell Innerrhoden";"DE";"bar";"Resort Hof Weissbad";"Im Park 1, 9057 Weissbad, Switzerland";"071 798 80 80";"https://www.hofweissbad.ch/";"https://maps.google.com/?cid=15002882274740804344"
"Appenzell Innerrhoden";"DE";"bar";"Brauerei Locher AG";"Brauereipl. 1, 9050 Appenzell, Switzerland";"071 788 01 76";"https://appenzellerbier.ch/de/besucherzentrum";"https://maps.google.com/?cid=9518589297275999035"
"Appenzell Innerrhoden";"DE";"bar";"Is Zistli 4 uf e Bier";"Zistli 4, 9050 Rüte, Switzerland";"";"";"https://maps.google.com/?cid=6422055012328702362"
"Appenzell Innerrhoden";"DE";"bar";"Zistli Stenegg";"Steinegg, Zistli 2, 9050 Appenzell, Switzerland";"";"";"https://maps.google.com/?cid=16881994168902226349"
"Appenzell Innerrhoden";"DE";"bar";"waive | bar und events";"Bahnhofstrasse 6, 9050 Appenzell, Switzerland";"";"https://waive.ch/";"https://maps.google.com/?cid=16262812656411458325"
"Appenzell Innerrhoden";"DE";"art_gallery";"Zunfthaus zu Appenzell - Kunsthandwerk aus Appenzell";"Poststrasse 8, 9050 Appenzell, Switzerland";"";"https://www.zunfthausappenzell.ch/";"https://maps.google.com/?cid=8278660087601632945"
"Appenzell Innerrhoden";"DE";"cafe";"bp";"Feldstrasse, 9050 Appenzell, Switzerland";"071 788 30 60";"https://map.bp.com/de-CH/CH/tankstelle/appenzell/bp-service-appenzell/507756150";"https://maps.google.com/?cid=600723108234445749"
"Appenzell Innerrhoden";"DE";"cafe";"Kunsthalle Appenzell";"Ziegeleistrasse 14, 9050 Appenzell, Switzerland";"071 788 18 60";"https://kunstmuseum-kunsthalle.ch/de/";"https://maps.google.com/?cid=10179513730922157412"
"Appenzell Innerrhoden";"DE";"bakery";"Café-Confiserie Laimbacher";"Weissbadstrasse 3, 9050 Appenzell, Switzerland";"071 787 17 44";"http://www.laimbacher.ch/";"https://maps.google.com/?cid=2930601546049468588"
"Appenzell Innerrhoden";"DE";"tourist_attraction";"Appenzellerland Tourismus AI";"Hauptgasse 38, 9050 Appenzell, Switzerland";"071 788 96 41";"https://www.appenzell.ch/";"https://maps.google.com/?cid=13616878266345179294"
"Appenzell Innerrhoden";"DE";"museum";"Kunstmuseum in Appenzell";"Unterrainstrasse 5, 9050 Appenzell, Switzerland";"071 788 18 00";"https://kunstmuseum-kunsthalle.ch/de/";"https://maps.google.com/?cid=3626088024737130601"
"Appenzell Innerrhoden";"DE";"church";"Pfarrkirche St. Mauritius";"Hauptgasse 2, 9050 Appenzell, Switzerland";"";"https://kath-appenzell.ch/";"https://maps.google.com/?cid=11034518594324498370"
"Appenzell Innerrhoden";"DE";"museum";"Museum Appenzell";"Hauptgasse 4, 9050 Appenzell, Switzerland";"071 788 96 31";"http://museum.ai.ch/";"https://maps.google.com/?cid=7993470764504698729"
"Appenzell Innerrhoden";"DE";"tourist_attraction";"House Buherre Hanisefs";"Hauptgasse 4, 9050 Appenzell, Switzerland";"";"";"https://maps.google.com/?cid=16202639539254702702"
"Basel-Landschaft";"DE";"restaurant";"Wirtschaft zum Bott";"Kantonsstrasse 3, 4416 Bubendorf, Switzerland";"061 935 55 55";"https://www.badbubendorf.ch/de/restaurant-uebersichtsseite/wirtschaft-zum-bott";"https://maps.google.com/?cid=9177304691343469354"
"Basel-Landschaft";"DE";"restaurant";"Tuana Pizza";"Hauptstrasse 24, 4416 Bubendorf, Switzerland";"061 931 41 41";"https://tuanapizza.ch/";"https://maps.google.com/?cid=17218206012195120489"
"Basel-Landschaft";"DE";"restaurant";"Restaurant Le Murenberg";"Krummackerstrasse 4, 4416 Bubendorf, Switzerland";"061 931 14 54";"https://lemurenberg.ch/";"https://maps.google.com/?cid=6893130308576423255"
"Basel-Landschaft";"DE";"restaurant";"Osteria Tre";"Gebäude Charming, Kantonsstrasse 3, 4416 Bubendorf, Switzerland";"061 935 55 55";"https://www.badbubendorf.ch/de/restaurant-uebersichtsseite/osteria-tre";"https://maps.google.com/?cid=11855051001550095236"
"Basel-Landschaft";"DE";"restaurant";"Reblaube";"Obermattweg 2, 4432 Lampenberg, Switzerland";"061 951 10 51";"http://www.reblaube-lampenberg.ch/";"https://maps.google.com/?cid=4632090523436210931"
"Basel-Landschaft";"DE";"bar";"DogSeat";"Rüttelistrasse 19, 4416 Bubendorf, Switzerland";"079 718 08 71";"";"https://maps.google.com/?cid=4920596191792944308"
"Basel-Landschaft";"DE";"bar";"Dragons MC Switzerland, North West";"Brühlstrasse 21, 4416 Bubendorf, Switzerland";"";"http://www.dragons-mc.ch/";"https://maps.google.com/?cid=2499583394461762343"
"Basel-Landschaft";"DE";"cafe";"Café Herlig";"Hauptstrasse 107, 4416 Bubendorf, Switzerland";"077 421 48 89";"https://www.cafeherlig.ch/";"https://maps.google.com/?cid=5629369020263245776"
"Basel-Landschaft";"DE";"bakery";"Bäckerei Bangimobil Bubendorf";"Hauptstrasse, 4416 Bubendorf, Switzerland";"077 507 40 46";"http://www.bangibeck.ch/";"https://maps.google.com/?cid=7156771460280597868"
"Basel-Landschaft";"DE";"cafe";"Lindi s Café, Zeller Bader Belinda";"Sonneckstrasse 14, 4416 Bubendorf, Switzerland";"079 822 49 79";"";"https://maps.google.com/?cid=9392623272219989160"
"Basel-Landschaft";"DE";"bakery";"Bangerter Bäckerei - Konditorei Hölstein";"Hauptstrasse 23, 4434 Hölstein, Switzerland";"061 561 86 10";"http://www.bangibeck.ch/";"https://maps.google.com/?cid=13651954061272800607"
"Basel-Landschaft";"DE";"tourist_attraction";"Schloss Wildenstein";"Schloss Wildenstein, 4416 Bubendorf, Switzerland";"061 552 90 10";"https://www.baselland.ch/politik-und-behorden/direktionen/bau-und-umweltschutzdirektion/hochbauamt/schloss-wildenstein";"https://maps.google.com/?cid=13832025550381621642"
"Basel-Landschaft";"DE";"tourist_attraction";"Spitzburg";"4433 Ramlinsburg, Switzerland";"";"";"https://maps.google.com/?cid=10277210131512845599"
"Basel-Landschaft";"DE";"tourist_attraction";"Alte Eichen";"Unnamed Road, 4416, 4416 Bubendorf, Switzerland";"";"";"https://maps.google.com/?cid=13301825283282365101"
"Basel-Landschaft";"DE";"tourist_attraction";"Wandbilder an Hausfassade";"Eggstrasse 6, 4433 Ramlinsburg, Switzerland";"";"";"https://maps.google.com/?cid=2114570202183925936"
"Basel-Landschaft";"DE";"tourist_attraction";"Gedankenbank Bubendorf (Zeichen der Erinnerung des Kantons Basel-Landschaft)";"Unglental 30, 4416 Bubendorf, Switzerland";"";"https://www.baselland.ch/politik-und-behorden/direktionen/sicherheitsdirektion/opferhilfe/zeichen-der-erinnerung-des-kantons-basel-landschaft";"https://maps.google.com/?cid=6452301083409326288"
"Basel-Stadt";"DE";"bar";"Radisson Blu Hotel, Basel";"Steinentorstrasse 25, 4051 Basel, Switzerland";"061 227 27 27";"https://www.radissonhotels.com/en-us/hotels/radisson-blu-basel?cid=a:se+b:gmb+c:emea+i:local+e:rdb+d:cese+h:CHBSL1";"https://maps.google.com/?cid=13733242924776934241"
"Basel-Stadt";"DE";"lodging";"Dasbreitehotel";"Zürcherstrasse 149, 4052 Basel, Switzerland";"061 315 65 65";"http://www.dasbreitehotel.ch/";"https://maps.google.com/?cid=5787894559936660293"
"Basel-Stadt";"DE";"bar";"GAIA Hotel Basel";"Centralbahnstrasse 13, 4002 Basel, Switzerland";"061 225 13 13";"https://www.gaiahotel.ch/";"https://maps.google.com/?cid=6450770259492896536"
"Basel-Stadt";"DE";"bar";"Essential by Dorint Basel City";"Schönaustrasse 10, 4058 Basel, Switzerland";"061 695 70 00";"http://hotel-basel.dorint.com/";"https://maps.google.com/?cid=13289027172501643514"
"Basel-Stadt";"DE";"bar";"Hotel Victoria Basel";"Centralbahnpl. 3/4, 4002 Basel, Switzerland";"061 270 70 70";"https://www.hotel-victoria-basel.ch/";"https://maps.google.com/?cid=14413750134172017853"
"Basel-Stadt";"DE";"bar";"Der Teufelhof Basel";"Leonhardsgraben 47-49, 4051 Basel, Switzerland";"061 261 10 10";"http://www.teufelhof.com/";"https://maps.google.com/?cid=4089641930723254382"
"Basel-Stadt";"DE";"cafe";"Hyve - meet, sleep, work and eat!";"Gempenstrasse 64, 4053 Basel, Switzerland";"061 539 18 77";"http://www.hyve.ch/";"https://maps.google.com/?cid=17383038784930824776"
"Basel-Stadt";"DE";"bar";"Basel Backpack";"Dornacherstrasse 192, 4053 Basel, Switzerland";"061 333 00 37";"http://www.baselbackpack.com/";"https://maps.google.com/?cid=1984511451250754936"
"Basel-Stadt";"DE";"cafe";"McDonald’s";"Centralbahnstrasse 9, 4051 Basel, Switzerland";"061 272 83 00";"https://www.mcdonalds.ch/de/restaurants/basel-centralbahnstrasse?utm_source=google&utm_medium=Yext&utm_campaign=780222";"https://maps.google.com/?cid=4196977671280005971"
"Basel-Stadt";"DE";"cafe";"Starbucks";"Centralbahnpl. 14, 4051 Basel, Switzerland";"043 421 42 45";"https://www.starbucks.ch/";"https://maps.google.com/?cid=16374758549691590787"
"Basel-Stadt";"DE";"cafe";"kug Katholische Universitätsgemeinde";"Herbergsgasse 7, 4051 Basel, Switzerland";"061 264 63 63";"http://kug.unibas.ch/";"https://maps.google.com/?cid=7702491271596749173"
"Basel-Stadt";"DE";"tourist_attraction";"Zoo Basel";"Binningerstrasse 40, 4054 Basel, Switzerland";"061 295 35 35";"https://www.zoobasel.ch/de/";"https://maps.google.com/?cid=3672511184197627189"
"Basel-Stadt";"DE";"casino";"Grand Casino Basel";"Flughafenstrasse 225, 4056 Basel, Switzerland";"061 327 20 20";"https://grandcasinobasel.com/";"https://maps.google.com/?cid=10418220364114229763"
"Basel-Stadt";"DE";"museum";"Museum Tinguely";"Paul Sacher-Anlage 2, 4002 Basel, Switzerland";"061 681 93 20";"https://www.tinguely.ch/de.html";"https://maps.google.com/?cid=1686393514431304944"
"Basel-Stadt";"DE";"museum";"Museum of Natural History Basel";"Augustinergasse 2, 4051 Basel, Switzerland";"061 266 55 00";"https://www.nmbs.ch/";"https://maps.google.com/?cid=13611754888506277018"
"Basel-Stadt";"DE";"museum";"Pharmacy Museum of the University of Basel";"Totengässlein 3, 4051 Basel, Switzerland";"061 207 48 11";"http://www.pharmaziemuseum.ch/";"https://maps.google.com/?cid=748857848469134715"
"Bern";"DE/FR";"bar";"Unique Hotel Innere Enge Bern";"Engestrasse 54, 3012 Bern, Switzerland";"031 309 61 11";"http://www.innere-enge.ch/";"https://maps.google.com/?cid=735038219193261374"
"Bern";"DE/FR";"lodging";"Kreuz Bern Modern City Hotel";"Zeughausgasse 41, 3011 Bern, Switzerland";"031 329 95 95";"https://www.kreuzbern.ch/";"https://maps.google.com/?cid=15708525003230790350"
"Bern";"DE/FR";"bar";"Bellevue Palace Bern";"Kochergasse 3/5, 3011 Bern, Switzerland";"031 320 45 45";"http://www.bellevue-palace.ch/";"https://maps.google.com/?cid=2994860971122051232"
"Bern";"DE/FR";"bar";"Restaurant Landhaus Liebefeld";"Schwarzenburgstrasse 134, 3097 Liebefeld, Switzerland";"031 971 07 58";"http://www.landhaus-liebefeld.ch/";"https://maps.google.com/?cid=17721289124413449"
"Bern";"DE/FR";"restaurant";"Restaurant Terrasse Schwellenmätteli";"Dalmaziquai 11, 3005 Bern, Switzerland";"031 350 50 01";"https://www.schwellenmaetteli.ch/restaurant-terrasse/";"https://maps.google.com/?cid=11802217513357355999"
"Bern";"DE/FR";"bar";"Restaurant Ringgenberg";"Kornhauspl. 19, 3011 Bern, Switzerland";"031 311 25 40";"http://www.restaurant-ringgenberg.ch/";"https://maps.google.com/?cid=9401855818905088770"
"Bern";"DE/FR";"bar";"tibits";"Bahnhofpl. 10, 3011 Bern, Switzerland";"031 312 91 11";"https://www.tibits.ch/";"https://maps.google.com/?cid=887790016017787113"
"Bern";"DE/FR";"bar";"Café Kairo";"Dammweg 43, 3013 Bern, Switzerland";"031 330 26 25";"http://www.cafe-kairo.ch/";"https://maps.google.com/?cid=6399179582243389226"
"Bern";"DE/FR";"bar";"wartsaal | brunch & burger restaurant";"Lorrainestrasse 15, 3013 Bern, Switzerland";"031 331 02 28";"http://www.wartsaal-kaffee.ch/";"https://maps.google.com/?cid=6782026548141495698"
"Bern";"DE/FR";"cafe";"Starbucks";"Waaghausgasse 18, 3011 Bern, Switzerland";"043 421 42 05";"https://www.starbucks.ch/";"https://maps.google.com/?cid=2063105118806079408"
"Bern";"DE/FR";"tourist_attraction";"Stettbrunnen";"Brunngasshalde, 3011 Bern, Switzerland";"";"https://historisches-bern.ideenset.ch/der-stettbrunnen/";"https://maps.google.com/?cid=6888649323014663794"
"Bern";"DE/FR";"museum";"Zentrum Paul Klee";"Monument im Fruchtland 3, 3006 Bern, Switzerland";"031 359 01 01";"https://www.zpk.org/en";"https://maps.google.com/?cid=983861654241689681"
"Bern";"DE/FR";"church";"Cathedral of Bern";"Münsterpl. 1, 3000 Bern, Switzerland";"031 312 04 62";"https://www.bernermuenster.ch/";"https://maps.google.com/?cid=2224653701097208984"
"Bern";"DE/FR";"tourist_attraction";"BearPark";"Grosser Muristalden 4, 3006 Bern, Switzerland";"031 321 15 25";"https://tierpark-bern.ch/baerenpark/";"https://maps.google.com/?cid=11707623216183762873"
"Bern";"DE/FR";"museum";"Museum of Communication";"Helvetiastrasse 16, 3000 Bern, Switzerland";"031 357 55 55";"http://www.mfk.ch/";"https://maps.google.com/?cid=6294366107273064854"
"Freiburg";"DE/FR";"restaurant";"Restaurant Pizzeria de l'Escale";"Rte de Belfaux 3, 1762 Givisiez, Switzerland";"026 466 60 57";"https://www.escale-restaurant.ch/";"https://maps.google.com/?cid=14957728849153380764"
"Freiburg";"DE/FR";"lodging";"Le Sauvage";"Planche-Supérieure 12, 1700 Fribourg, Switzerland";"026 347 30 60";"https://le-sauvage.ch/";"https://maps.google.com/?cid=16784053688878544070"
"Freiburg";"DE/FR";"restaurant";"Le Schild - Restaurant Libanais à Fribourg";"Planche-Supérieure 21, 1700 Fribourg, Switzerland";"026 322 42 25";"http://restaurantschild.ch/";"https://maps.google.com/?cid=7316269421125520856"
"Freiburg";"DE/FR";"restaurant";"Café du Midi";"Rue de Romont 25, 1700 Fribourg, Switzerland";"026 322 31 33";"http://www.lemidi.ch/";"https://maps.google.com/?cid=9958103130009467796"
"Freiburg";"DE/FR";"restaurant";"La Clef";"Planche-Supérieure 2, 1700 Fribourg, Switzerland";"026 322 11 92";"http://laclef-fribourg.ch/";"https://maps.google.com/?cid=1967848551400922702"
"Freiburg";"DE/FR";"bar";"Fri-Son";"Rte de la Fonderie 13, 1700 Fribourg, Switzerland";"026 424 36 25";"http://www.fri-son.ch/";"https://maps.google.com/?cid=17077032155020871136"
"Freiburg";"DE/FR";"bar";"La Spirale";"Pl. du Petit-Saint-Jean 39, 1700 Fribourg, Switzerland";"026 322 66 39";"https://laspirale.ch/";"https://maps.google.com/?cid=3986320382959984870"
"Freiburg";"DE/FR";"bar";"Habana Club";"Rue de Romont 1, 1700 Fribourg, Switzerland";"026 321 28 38";"https://lodyssee-habana-fribourg.ch/habana-club/";"https://maps.google.com/?cid=6306228752810744313"
"Freiburg";"DE/FR";"bar";"Le Corsaire";"Rue de Lausanne 52, 1700 Fribourg, Switzerland";"026 321 49 79";"http://le-corsaire.ch/";"https://maps.google.com/?cid=303261349778745863"
"Freiburg";"DE/FR";"bar";"Crazy Wolf";"Rue de l'Hôpital 25, 1700 Fribourg, Switzerland";"026 321 50 71";"http://www.crazywolf.ch/";"https://maps.google.com/?cid=10626229650813516228"
"Freiburg";"DE/FR";"cafe";"Nespresso Boutique";"Bd de Pérolles 2, 1700 Fribourg, Switzerland";"0800 555 253";"https://www.nespresso.com/";"https://maps.google.com/?cid=787862009780411217"
"Freiburg";"DE/FR";"cafe";"Galerie café Le temps de vivre";"Rue de la Cathédrale-Saint-Nicolas 3, 1700 Fribourg, Switzerland";"079 354 28 30";"https://lebourg.ch/le-temps-de-vivre.html";"https://maps.google.com/?cid=17973076635626628107"
"Freiburg";"DE/FR";"cafe";"Tea-room Suard Le Chantilly";"Rue de Romont 13, 1700 Fribourg, Switzerland";"026 322 22 01";"http://www.confiserie-suard.ch/";"https://maps.google.com/?cid=16054907519474218235"
"Freiburg";"DE/FR";"cafe";"Le XXe";"Av. de Tivoli 3, 1700 Fribourg, Switzerland";"026 321 36 89";"https://xxe.ch/?fbclid=PAY2xjawH0qGJleHRuA2FlbQIxMQABptkSHUu-HfSMt5GvA2uDqJSDkue07lOm80995bM2avo21Luwv4OQ53dEmA_aem_mSmtj7ovFKhIRYxKf8ggLA";"https://maps.google.com/?cid=292773478520155961"
"Freiburg";"DE/FR";"bar";"Abyssinia";"Rue du Progrès 2, 1700 Fribourg, Switzerland";"026 422 16 10";"https://abyssinia-fr.ch/";"https://maps.google.com/?cid=5592142882367219016"
"Freiburg";"DE/FR";"tourist_attraction";"Fribourg University Botanical Garden";"Chem. du Musée 10, 1700 Fribourg, Switzerland";"026 300 88 86";"http://www.unifr.ch/jardin-botanique/fr/";"https://maps.google.com/?cid=13253357449127721691"
"Freiburg";"DE/FR";"museum";"Espace 1606";"Planche-Inférieure 14, 1700 Fribourg, Switzerland";"026 350 11 11";"http://espace1606.ch/";"https://maps.google.com/?cid=4048234867134382707"
"Freiburg";"DE/FR";"church";"Église Saint-Pierre";"Av. Jean-Gambach 6, 1700 Fribourg, Switzerland";"026 422 01 00";"https://saint-pierre.ch/";"https://maps.google.com/?cid=3297521917125619226"
"Freiburg";"DE/FR";"church";"Franciscan Church";"Rue de Morat 6, 1700 Fribourg, Switzerland";"026 347 11 60";"http://www.cordeliers.ch/";"https://maps.google.com/?cid=6954895531561285190"
"Freiburg";"DE/FR";"museum";"Musée d'histoire naturelle";"Chem. du Musée 6, 1700 Fribourg, Switzerland";"026 305 89 00";"http://www.fr.ch/mhn/de/pub/index.cfm";"https://maps.google.com/?cid=7712733544719880248"
"Genf";"FR";"lodging";"InterContinental Geneve by IHG";"7, Chem. du Petit-Saconnex 9, 1209 Genève, Switzerland";"022 919 39 39";"https://www.ihg.com/intercontinental/hotels/gb/en/geneva/gvaha/hoteldetail?cm_mmc=GoogleMaps-_-IC-_-CH-_-GVAHA";"https://maps.google.com/?cid=18005614499935811726"
"Genf";"FR";"bar";"Le Richemond";"Rue Adhémar-Fabri 8-10, 1201 Genève, Switzerland";"022 715 70 00";"http://www.lerichemond.com/";"https://maps.google.com/?cid=8901763022166517003"
"Genf";"FR";"lodging";"Hôtel Longemalle Genève - Centre ville";"Pl. de Longemalle 13, 1204 Genève, Switzerland";"022 818 62 62";"https://www.longemallecollection.com/fr/le-longemalle.html";"https://maps.google.com/?cid=2695643086216670198"
"Genf";"FR";"bar";"Hôtel Royal Genève, Suisse";"Rue de Lausanne 41, 1201 Genève, Switzerland";"022 906 14 14";"https://www.hotelroyalgeneva.com/fr/";"https://maps.google.com/?cid=16284726539342675651"
"Genf";"FR";"bar";"Hôtel Bristol Genève";"Rue du Mont-Blanc 10, 1201 Genève, Switzerland";"022 716 57 00";"http://www.bristol.ch/";"https://maps.google.com/?cid=15764554708464475790"
"Genf";"FR";"bar";"Beau-Rivage Genève";"Quai du Mont-Blanc 13, 1201 Genève, Switzerland";"022 716 66 66";"https://www.beau-rivage.com/";"https://maps.google.com/?cid=8963976430361104537"
"Genf";"FR";"bar";"Arthur's rivegauche";"Rue du Rhône 7, 1204 Genève, Switzerland";"022 810 32 60";"http://www.arthurs.ch/restaurants/arthurs-rivegauche/";"https://maps.google.com/?cid=2293953676702698654"
"Genf";"FR";"cafe";"Café Léo - Restaurant";"à Rive, Rue Pierre-Fatio 12, 1204 Genève, Switzerland";"022 311 53 07";"http://www.cafe-leo.com/";"https://maps.google.com/?cid=7317028822246305217"
"Genf";"FR";"cafe";"Café du Soleil";"Pl. du Petit-Saconnex 6, 1209 Genève, Switzerland";"022 733 34 17";"https://www.cafedusoleil.ch/";"https://maps.google.com/?cid=4871114647250730359"
"Genf";"FR";"cafe";"Boréal Coffee Shop";"Rue du Stand 60, 1204 Genève, Switzerland";"022 310 69 60";"https://www.borealcoffee.ch/cafes/geneva/rue-du-stand/";"https://maps.google.com/?cid=4855537853945536174"
"Genf";"FR";"cafe";"McDonald’s Restaurant";"Rue de Lausanne 18/20, 1201 Genève, Switzerland";"022 738 95 87";"https://www.mcdonalds.ch/fr/restaurants/geneve-les-cygnes?utm_source=google&utm_medium=Yext&utm_campaign=780015";"https://maps.google.com/?cid=17218726548945227039"
"Genf";"FR";"tourist_attraction";"Palais des Nations";"8, Av. de la Paix 14, 1202 Genève, Switzerland";"022 917 12 34";"https://www.ungeneva.org/";"https://maps.google.com/?cid=13451108145528886387"
"Genf";"FR";"tourist_attraction";"Jet d'Eau de Genève";"Quai Gustave-Ador, 1207 Genève, Switzerland";"";"https://www.geneve.ch/jet-eau-geneve";"https://maps.google.com/?cid=252123533391467080"
"Genf";"FR";"church";"Cathédrale Saint-Pierre Genève";"Cr de Saint-Pierre, 1204 Genève, Switzerland";"022 311 75 75";"https://www.cathedrale-geneve.ch/infos-pratiques";"https://maps.google.com/?cid=8774325191002329885"
"Genf";"FR";"spa";"Bains des Pâquis";"Quai du Mont-Blanc 30, 1201 Genève, Switzerland";"022 732 29 74";"http://www.bains-des-paquis.ch/";"https://maps.google.com/?cid=3878818762844812554"
"Genf";"FR";"museum";"Musée Rath";"Pl. de Neuve 1, 1204 Genève, Switzerland";"022 418 33 40";"https://www.mahmah.ch/propos/musee-rath";"https://maps.google.com/?cid=13334531768113073215"
"Glarus";"DE";"bakery";"CORNETTO AG";"Hohlensteinstrasse 14, 8755 Ennenda, Switzerland";"055 645 60 00";"http://www.cornetto.ch/";"https://maps.google.com/?cid=15766308693398947169"
"Glarus";"DE";"restaurant";"Taverna Thessaloniki Sonnegg Glarus";"Asylstrasse 32, 8750 Glarus, Switzerland";"055 640 80 00";"http://tavernathessaloniki.ch/";"https://maps.google.com/?cid=5769039114798608495"
"Glarus";"DE";"restaurant";"Rütihof";"Rüti 1, 8756 Glarus Süd, Switzerland";"076 406 65 87";"https://seeliger.com/";"https://maps.google.com/?cid=10615707083264285164"
"Glarus";"DE";"restaurant";"Gastropolis24 Switzerland AG";"Spielhof 14A, 8750 Glarus, Switzerland";"031 550 08 50";"";"https://maps.google.com/?cid=18149082527593110490"
"Glarus";"DE";"restaurant";"Bergli";"Berglistrasse 50, 8750 Glarus, Switzerland";"055 640 23 00";"http://www.bergli-glarus.ch/";"https://maps.google.com/?cid=6975808332235841773"
"Glarus";"DE";"bar";"Ochsen";"Zaunpl. 12, 8750 Glarus, Switzerland";"079 901 28 41";"";"https://maps.google.com/?cid=12472686141861565342"
"Glarus";"DE";"bar";"Bar Route 66";"Landstrasse 19, 8750 Glarus, Switzerland";"055 640 74 47";"https://route-66-glarus-digital-83e0cc93.base44.app/";"https://maps.google.com/?cid=4586969511653722001"
"Glarus";"DE";"bar";"NAMASTE Coffeeshop";"Hauptstrasse 39, 8750 Glarus, Switzerland";"";"https://namastecoffeeshop.ch/";"https://maps.google.com/?cid=9131940829760143083"
"Glarus";"DE";"bar";"Sonne Pub Glarus";"Rathausgasse 5, 8750 Glarus, Switzerland";"079 644 24 21";"https://sonnepub.ch/";"https://maps.google.com/?cid=8106785735855576927"
"Glarus";"DE";"bar";"Essensaciones Gastro Boutique Markthalle Glarus";"Markthalle Glarus (Alte Post, Bahnhofstrasse 14, 8750 Glarus, Switzerland";"076 624 74 91";"https://www.essensaciones.com/gastro-boutique/";"https://maps.google.com/?cid=7586385887492989364"
"Glarus";"DE";"bakery";"Cornetto";"Hauptstrasse 31, 8750 Glarus, Switzerland";"055 645 60 06";"https://www.cornetto.ch/";"https://maps.google.com/?cid=18278961487903460110"
"Glarus";"DE";"cafe";"Ideäkafi Glarus";"Bahnhofstrasse 18, 8750 Glarus, Switzerland";"055 534 77 50";"http://www.ideäkafi.ch/";"https://maps.google.com/?cid=16998778859987746258"
"Glarus";"DE";"cafe";"Verein Werkstatt-Café";"Stampfgasse 6, 8750 Glarus, Switzerland";"055 640 59 00";"http://werkstatt-cafe.ch/";"https://maps.google.com/?cid=8252296839694107344"
"Glarus";"DE";"cafe";"McDonald's";"Iseliguet 2, 8750 Glarus, Switzerland";"055 650 25 00";"https://www.mcdonalds.ch/de/restaurants/glarus?utm_source=google&utm_medium=Yext&utm_campaign=780111";"https://maps.google.com/?cid=16258187251947649784"
"Glarus";"DE";"museum";"Kunsthaus Glarus";"Im Volksgarten 3, 8750 Glarus, Switzerland";"055 640 25 35";"http://www.kunsthausglarus.ch/";"https://maps.google.com/?cid=16617039751846027911"
"Glarus";"DE";"tourist_attraction";"Sequoiadendron giganteum";"Wiesli 6, 8750 Glarus, Switzerland";"";"";"https://maps.google.com/?cid=12289868445977785342"
"Glarus";"DE";"museum";"Anna Göldi Museum Glarus";"Fabrikstrasse 9, 8755 Ennenda, Switzerland";"055 650 13 54";"http://www.annagoeldimuseum.ch/";"https://maps.google.com/?cid=14104115353726681808"
"Glarus";"DE";"tourist_attraction";"Stöckli (Aeugstengebiet)";"Aeugstenstrasse, 8755 Ennenda, Switzerland";"";"";"https://maps.google.com/?cid=1782126338696448019"
"Glarus";"DE";"tourist_attraction";"Steinbrücke";"Oberriedern, 8750 Riedern, Switzerland";"";"https://www.myswitzerland.com/de-ch/erlebnisse/netstal-loentschtobel-kloentalersee/";"https://maps.google.com/?cid=7488465043036207136"
"Graubünden";"DE/RM/IT";"lodging";"Kultur Hotel Restaurant Belfort";"Hauptstrasse 20, 7492 Alvaneu, Switzerland";"078 306 66 01";"http://www.belfort.ch/";"https://maps.google.com/?cid=8215926154084548550"
"Graubünden";"DE/RM/IT";"cafe";"ARGO Café-Restaurant/Wohnheim";"Valletta 2, 7472 Surava, Switzerland";"081 659 00 10";"https://www.argo-gr.ch/wohnhaus-surava.html";"https://maps.google.com/?cid=1486094967632311354"
"Graubünden";"DE/RM/IT";"restaurant";"Gasthaus Post";"Albulastrasse 30, 7472 Surava, Switzerland";"081 681 13 30";"https://gasthauspostsurava.ch/";"https://maps.google.com/?cid=18393587883059177781"
"Graubünden";"DE/RM/IT";"restaurant";"La Cantina";"Albulastrasse 142, 7473 Alvaneu, Switzerland";"081 404 10 08";"";"https://maps.google.com/?cid=9154645912106751632"
"Graubünden";"DE/RM/IT";"restaurant";"Golfrestaurant Alvaneu Bad";"Albulastrasse 174, 7473 Alvaneu, Switzerland";"081 420 48 05";"";"https://maps.google.com/?cid=2179437927817472273"
"Graubünden";"DE/RM/IT";"cafe";"APH Albula";"7492 Albula/Alvra, Switzerland";"";"";"https://maps.google.com/?cid=4775206530317303112"
"Graubünden";"DE/RM/IT";"tourist_attraction";"Mittelpunkt des Kantons Graubünden";"MJ4H+F7, 7472 Albula/Alvra, Switzerland";"";"";"https://maps.google.com/?cid=13169566685407293542"
"Graubünden";"DE/RM/IT";"tourist_attraction";"Burgruine Belfort";"7084 Albula/Alvra, Switzerland";"081 508 01 12";"https://www.myswitzerland.com/de-ch/erlebnisse/ruine-belfort-geschichte-und-geschichten/";"https://maps.google.com/?cid=4673780698133321122"
"Jura";"FR";"lodging";"Restaurant Le Mexique";"Rte du Vorbourg 142, 2800 Delémont, Switzerland";"032 422 13 33";"https://www.restaurant-mexique.ch/fr/";"https://maps.google.com/?cid=17612526909663608039"
"Jura";"FR";"lodging";"Hôtel Restaurant du Midi";"Pl. de la Gare 10, 2800 Delémont, Switzerland";"032 423 80 00";"http://hotelrestaurantdumidi.ch/";"https://maps.google.com/?cid=14246245331905043192"
"Jura";"FR";"lodging";"Hôtel Restaurant Le National";"Rte de Bâle 25, 2800 Delémont, Switzerland";"032 422 96 22";"https://nationalhotel.ch/";"https://maps.google.com/?cid=5350962630186550738"
"Jura";"FR";"lodging";"Hôtel - Rôtisserie La Tour Rouge";"Rte de Porrentruy 10, 2800 Delémont, Switzerland";"032 422 12 18";"http://www.tour-rouge.ch/";"https://maps.google.com/?cid=15762583104263746915"
"Jura";"FR";"restaurant";"Komachi";"Rue de l'Hôpital 39, 2800 Delémont, Switzerland";"032 423 00 53";"http://www.komachi.ch/";"https://maps.google.com/?cid=5273828761666581305"
"Jura";"FR";"bar";"Billiard Diagonal";"Rue des Moulins 28, 2800 Delémont, Switzerland";"032 422 66 57";"https://www.facebook.com/bar.diagonale/";"https://maps.google.com/?cid=6619617900915883161"
"Jura";"FR";"bar";"Restaurant du Cheval-Blanc";"Rue de la Constituante 5, 2800 Delémont, Switzerland";"032 422 13 07";"https://chevalblanc-delemont.ch/menu/";"https://maps.google.com/?cid=16612650569839952083"
"Jura";"FR";"bar";"Musiù - Cave à Jazz";"Pl. Monsieur, 2800 Delémont, Switzerland";"076 498 00 79";"http://www.musiu.ch/";"https://maps.google.com/?cid=879560445944131117"
"Jura";"FR";"bar";"Café Le Suisse";"Pl. de la Gare 16, 2800 Delémont, Switzerland";"032 422 14 21";"https://www.jurassiens.ch/adresses/restaurants/pizzeria/le-suisse-pizzeria-a-delemont.html";"https://maps.google.com/?cid=10467198673289727485"
"Jura";"FR";"bar";"Cabaret P'tit Bus";"Rue Emile-Boéchat 71, 2800 Delémont, Switzerland";"032 422 84 33";"";"https://maps.google.com/?cid=18209655958797686752"
"Jura";"FR";"bakery";"Jubin Confiseur";"Rte de Moutier 29, 2800 Delémont, Switzerland";"032 422 85 44";"https://jubin-confiseur.ch/";"https://maps.google.com/?cid=4387021523123764716"
"Jura";"FR";"cafe";"Restaurant Migros - Delémont";"Rue de la Maltière 12, 2800 Delémont, Switzerland";"058 575 71 37";"https://filialen.migros.ch/de/migros-restaurant-delemont";"https://maps.google.com/?cid=2893440654578132665"
"Jura";"FR";"cafe";"TOTO PIZZA";"Rue de l'Avenir, Rue Pré-Guillaume 1, 2800 Delémont, Switzerland";"032 423 53 53";"http://www.toto-pizza.ch/";"https://maps.google.com/?cid=16341575368668131813"
"Jura";"FR";"cafe";"Restaurant du Vorbourg";"Rue du Vorbourg 165, 2800 Delémont, Switzerland";"032 422 13 74";"https://restaurantvorbourg.ch/";"https://maps.google.com/?cid=6106763033480839041"
"Jura";"FR";"church";"Chapelle de Montcroix";"Rte du Vorbourg 16, 2800 Delémont, Switzerland";"032 422 14 42";"https://www.jurapastoral.ch/vallee-de-delemont-moutier/batiments/chapelle-de-montcroix/";"https://maps.google.com/?cid=8552903143122260835"
"Jura";"FR";"place_of_worship";"Chapelle du Vorbourg";"Rue du Vorbourg, 2800 Delémont, Switzerland";"032 422 21 41";"https://www.j3l.ch/fr/P47522/a-faire/culture-musees/patrimoine-culturel/chapelle-et-ruine-du-vorbourg";"https://maps.google.com/?cid=5960823767735726310"
"Jura";"FR";"church";"Centre Pastoral du Jura";"Rue des Téxérans 10, 2800 Delémont, Switzerland";"032 421 98 88";"http://www.jurapastoral.ch/";"https://maps.google.com/?cid=117026579952523462"
"Jura";"FR";"tourist_attraction";"Cadran solaire du Château";"Les Jardins du Château, 2800 Delémont, Switzerland";"";"https://www.delemont.ch/fr/Tourisme-culture-et-loisirs/Visiter/Points-d-interets.html";"https://maps.google.com/?cid=17325344267599786136"
"Jura";"FR";"tourist_attraction";"Château de Delémont";"Rue du 23-Juin 25, 2800 Delémont, Switzerland";"032 421 92 19";"http://www.delemont.ch/fr/Tourisme-culture-et-loisirs/Curiosites-naturelles-et-historiques/Vieille-Ville/Chateau-de-Delemont.html";"https://maps.google.com/?cid=6501412714603798141"
"Luzern";"DE";"restaurant";"Restaurant Drei Könige";"Klosterstrasse 10, 6003 Luzern, Switzerland";"041 250 76 76";"http://www.3koenige-luzern.ch/";"https://maps.google.com/?cid=16570274067038365512"
"Luzern";"DE";"bar";"Hotel Astoria Luzern";"Pilatusstrasse 29, 6003 Luzern, Switzerland";"041 226 88 88";"https://www.astoria-luzern.ch/";"https://maps.google.com/?cid=5429336311699148463"
"Luzern";"DE";"lodging";"Hotel des Balances";"Weinmarkt, 6004 Luzern, Switzerland";"041 418 28 28";"http://www.balances.ch/";"https://maps.google.com/?cid=16001431428259108127"
"Luzern";"DE";"lodging";"AMERON Luzern Hotel Flora";"Seidenhofstrasse 5, 6002 Luzern, Switzerland";"041 227 66 66";"https://www.ameroncollection.com/de/luzern-hotel-flora/?ppc=googleHS";"https://maps.google.com/?cid=829675418816383765"
"Luzern";"DE";"bar";"Radisson Blu Hotel, Lucerne";"Lakefront Centre, Inseliquai 12, 6005 Luzern, Switzerland";"041 369 90 00";"https://www.radissonhotels.com/en-us/hotels/radisson-blu-lucerne?cid=a:se+b:gmb+c:emea+i:local+e:rdb+d:cese+h:CHQLJ1";"https://maps.google.com/?cid=8957023235963109954"
"Luzern";"DE";"bar";"Hotel Rothaus Luzern & Peruvian Culinary Art";"Klosterstrasse 4, 6003 Luzern, Switzerland";"041 248 48 48";"http://www.rothaus.ch/";"https://maps.google.com/?cid=17690237486575054557"
"Luzern";"DE";"bar";"Grand Hotel National Luzern";"Haldenstrasse 4, 6006 Luzern, Switzerland";"041 419 09 09";"https://www.grandhotel-national.com/de/";"https://maps.google.com/?cid=5096652783930101748"
"Luzern";"DE";"bar";"Mr. Pickwick Pub Luzern";"Rathausquai 6, 6004 Luzern, Switzerland";"041 410 59 27";"https://www.pickwick.ch/en/our-pub/luzern/home/index.php";"https://maps.google.com/?cid=16769960895356722095"
"Luzern";"DE";"cafe";"Café César";"Haldenstrasse 4, 6006 Luzern, Switzerland";"041 419 09 09";"https://www.grandhotel-national.com/de/essen/cafe-cesar/";"https://maps.google.com/?cid=8119356149217641311"
"Luzern";"DE";"cafe";"Rokoko Café";"Utenberg 1, 6006 Luzern, Switzerland";"041 768 90 10";"http://www.schloessli-utenberg.ch/";"https://maps.google.com/?cid=12272400811714519336"
"Luzern";"DE";"bar";"Parterre";"Mythenstrasse 7, 6003 Luzern, Switzerland";"041 220 20 43";"http://www.parterre.ch/";"https://maps.google.com/?cid=13257882546737299089"
"Luzern";"DE";"cafe";"Caffè Spettacolo Luzern SBB";"Bahnhof Luzern RailCity, Untergeschoss, Zentralstrasse 1, 6003 Luzern, Switzerland";"076 344 65 83";"http://www.spettacolo.ch/";"https://maps.google.com/?cid=14129895100554382315"
"Luzern";"DE";"tourist_attraction";"Lion Monument";"Denkmalstrasse 4, 6002 Luzern, Switzerland";"041 227 17 17";"https://www.loewendenkmal-luzern.ch/";"https://maps.google.com/?cid=7096264312629478276"
"Luzern";"DE";"museum";"Kunstmuseum Luzern";"Europapl. 1, 6002 Luzern, Switzerland";"041 226 78 00";"http://www.kunstmuseumluzern.ch/";"https://maps.google.com/?cid=5408608232494987687"
"Luzern";"DE";"tourist_attraction";"Chapel Bridge";"Kapellbrücke, 6002 Luzern, Switzerland";"041 227 17 17";"https://www.luzern.com/de/stadt/sehenswuerdigkeiten/top-sehenswuerdigkeiten/kapellbruecke";"https://maps.google.com/?cid=2355401106790682167"
"Luzern";"DE";"museum";"Sammlung Rosengart";"Pilatusstrasse 10, 6003 Luzern, Switzerland";"041 220 16 60";"http://www.rosengart.ch/";"https://maps.google.com/?cid=3636835227082411901"
"Luzern";"DE";"bar";"Grand Casino Lucerne";"Haldenstrasse 6, 6006 Luzern, Switzerland";"041 418 56 56";"https://www.grandcasinoluzern.ch/";"https://maps.google.com/?cid=14880654389914945926"
"Neuenburg";"FR";"lodging";"Alpes Et Lac";"Place de La Gare 2, 2000 Neuenburg, Switzerland";"032 723 19 19";"http://www.alpesetlac.ch/";"https://maps.google.com/?cid=11336642126278907791"
"Neuenburg";"FR";"lodging";"Hôtel-Restaurant la Maison du Prussien";"Rue des Tunnels 11, 2000 Neuchâtel, Switzerland";"032 730 54 54";"http://www.hotel-prussien.ch/";"https://maps.google.com/?cid=3863948833255310071"
"Neuenburg";"FR";"lodging";"Hôtel Palafitte";"Rte des Gouttes-d'Or 2, 2000 Neuchâtel, Switzerland";"032 723 02 02";"http://www.palafitte.ch/";"https://maps.google.com/?cid=2030410266366882850"
"Neuenburg";"FR";"restaurant";"Coop Restaurant Neuchâtel La Maladière";"Rue de la Pierre-à-Mazel 10, 2000 Neuchâtel, Switzerland";"032 723 24 30";"https://www.coop-restaurant.ch/fr/restaurantfinder/finderdetailpage.3262.html";"https://maps.google.com/?cid=17751592786411194178"
"Neuenburg";"FR";"restaurant";"Les Bains des Dames";"Quai Louis Perrier 1, 2000 Neuchâtel, Switzerland";"032 721 26 55";"http://www.bainsdesdames.ch/";"https://maps.google.com/?cid=8242934633010034810"
"Neuenburg";"FR";"bar";"Le Sud";"Rue du Coq-d'Inde 1, 2000 Neuchâtel, Switzerland";"032 710 12 00";"http://www.le-sud.ch/";"https://maps.google.com/?cid=15227083611550320628"
"Neuenburg";"FR";"bar";"Esprit Café (Esprit Bar)";"Fbg du Lac 9, 2000 Neuchâtel, Switzerland";"032 721 04 00";"http://esprit-cafe.ch/";"https://maps.google.com/?cid=3918823468388966592"
"Neuenburg";"FR";"bar";"Brasserie du PasSage";"Pass. Maximilien-de-Meuron 4, 2000 Neuchâtel, Switzerland";"032 717 82 24";"http://brasseriedupassage.ch/";"https://maps.google.com/?cid=12794722883154002015"
"Neuenburg";"FR";"bar";"Casino Club Bar";"Casino Club Bar, Fbg du Lac 14,, Jardin Anglais, Fbg du Lac 14, 2000 Neuchâtel, Switzerland";"032 724 48 20";"";"https://maps.google.com/?cid=13899694210314549608"
"Neuenburg";"FR";"bar";"LA PLAGE BAR";"Pl. du Port, 2000 Neuchâtel, Switzerland";"079 232 00 07";"https://laplagebar.ch/";"https://maps.google.com/?cid=17370840129711009130"
"Neuenburg";"FR";"cafe";"L'AUBIER Café-Hôtel Neuchâtel";"Rue du Château 1, 2000 Neuchâtel, Switzerland";"032 710 18 58";"http://www.aubier.ch/";"https://maps.google.com/?cid=17794959355050886983"
"Neuenburg";"FR";"cafe";"Caffè Spettacolo";"Avenue de la Gare 1, Hall de la Gare, 2000 Neuchâtel, Switzerland";"076 516 95 58";"http://www.spettacolo.ch/";"https://maps.google.com/?cid=5522156474163787642"
"Neuenburg";"FR";"cafe";"Okapi Neuchâtel";"Rue du Trésor 4, 2000 Neuchâtel, Switzerland";"032 721 07 18";"https://okapi-restaurant.ch/";"https://maps.google.com/?cid=14486530978840117324"
"Neuenburg";"FR";"cafe";"bp";"Rue de la Pierre-à-Mazel 25, 2007 Neuchâtel, Switzerland";"032 723 97 97";"https://map.bp.com/de-CH/CH/tankstelle/neuch-tel/bp-service-neuchatel/255848039";"https://maps.google.com/?cid=9226520228646701975"
"Neuenburg";"FR";"cafe";"Ca'Puccini";"Rue de la Pierre-à-Mazel 10, 2000 Neuchâtel, Switzerland";"032 723 24 31";"https://www.coop.ch/fr/services/adresses-et-horaires/detail.html/3747/";"https://maps.google.com/?cid=2552172332094288686"
"Neuenburg";"FR";"church";"Collégiale";"Rue de la Collégiale 3, 2000 Neuchâtel, Switzerland";"032 717 73 84";"https://www.collegiale.ch/";"https://maps.google.com/?cid=12225442317751068113"
"Neuenburg";"FR";"museum";"Museum of Ethnography Neuchâtel";"Rue de Saint-Nicolas 4, 2000 Neuchâtel, Switzerland";"032 717 85 60";"http://www.men.ch/";"https://maps.google.com/?cid=12417386527450438590"
"Neuenburg";"FR";"tourist_attraction";"Neuchâtel Castle";"Rue du Château 1, 2000 Neuchâtel, Switzerland";"032 889 40 03";"https://www.ne.ch/autorites/CHAN/CHAN/Pages/visites-guidees.aspx";"https://maps.google.com/?cid=8394441023519188691"
"Neuenburg";"FR";"museum";"Musée d'Histoire Naturelle de Neuchâtel";"Rue des Terreaux 14, 2000 Neuchâtel, Switzerland";"032 717 79 60";"http://www.museum-neuchatel.ch/";"https://maps.google.com/?cid=11025422932409243942"
"Neuenburg";"FR";"casino";"Casino de Neuchâtel";"Fbg du Lac 14, 2000 Neuchâtel, Switzerland";"032 729 90 00";"http://www.casino-neuchatel.ch/";"https://maps.google.com/?cid=15024071298287029409"
"Nidwalden";"DE";"lodging";"Hotel Alpina Einhorn";"Hauptstrasse 46, 6386 Wolfenschiessen, Switzerland";"041 629 03 85";"http://www.alpina-einhorn.ch/";"https://maps.google.com/?cid=1139176669714329366"
"Nidwalden";"DE";"lodging";"Berggasthaus Arviblick";"Häxenbodenstrasse 4, 6383 Wirzweli, Switzerland";"041 628 00 00";"http://arviblick.ch/";"https://maps.google.com/?cid=6233658640984232794"
"Nidwalden";"DE";"bar";"Happy Day";"Hauptstrasse 15, 6386 Wolfenschiessen, Switzerland";"041 629 02 02";"http://www.happyday.ch/";"https://maps.google.com/?cid=17041005913677028673"
"Nidwalden";"DE";"restaurant";"Eintracht";"Eintracht 2, 6386 Wolfenschiessen, Switzerland";"041 628 25 55";"https://www.eintrachtwolfenschiessen.ch/";"https://maps.google.com/?cid=18290705037280589057"
"Nidwalden";"DE";"cafe";"bei Wurzeltraut Essen & Trinken Einkaufen & Geniessen";"Wirzweli 2, 6383 Dallenwil - Wirzweli, Switzerland";"041 628 14 14";"https://www.bei-wurzeltraut.ch/";"https://maps.google.com/?cid=16718873339865984380"
"Nidwalden";"DE";"bar";"Ristorante Giessenhof";"Bahnhofstrasse 2, 6383 Dallenwil, Switzerland";"041 628 11 26";"http://www.giessenhof.ch/";"https://maps.google.com/?cid=14679305668775875932"
"Nidwalden";"DE";"bar";"Streambar";"Dammstrasse 2, 6383 Dallenwil, Switzerland";"041 618 60 90";"http://www.streambar.ch/1_kontakt.php";"https://maps.google.com/?cid=14729462213368870134"
"Nidwalden";"DE";"bar";"Schneebar Häxä-Chessu Wirzweli";"Wirzweli, 6383 Dallenwil, Switzerland";"041 628 23 94";"http://www.wirzweli.ch/";"https://maps.google.com/?cid=4418308097006887068"
"Nidwalden";"DE";"cafe";"bp";"Engelbergstrasse 17, 6383 Dallenwil, Switzerland";"041 628 14 44";"https://map.bp.com/de-CH/CH/tankstelle/dallenwil/bp-service-dallenwil/803609917";"https://maps.google.com/?cid=14544645255176215026"
"Nidwalden";"DE";"cafe";"5P-Streetfood";"Eintracht 6, 6386 Wolfenschiessen, Switzerland";"078 330 09 20";"http://5p-streetfood.ch/";"https://maps.google.com/?cid=473053744409447533"
"Nidwalden";"DE";"tourist_attraction";"Talacherenszene";"Talacheren 1, 6383 Dallenwil, Switzerland";"";"https://www.instagram.com/talacherenszene?igsh=aDduZmJsNWFmYjQy&utm_source=qr";"https://maps.google.com/?cid=9474434907342317940"
"Nidwalden";"DE";"tourist_attraction";"1) DALLENWIL";"6386 Dallenwil, Switzerland";"";"";"https://maps.google.com/?cid=17066471986659132072"
"Nidwalden";"DE";"tourist_attraction";"Eulenpfad Wirzweli";"Tannenweg 1, 6383 Wirzweli, Switzerland";"041 628 15 60";"http://www.wirzweli.ch/";"https://maps.google.com/?cid=15165345824617726603"
"Obwalden";"DE";"lodging";"Hotel Klausenhof Flueli-Ranft";"Melchtalerstrasse 25, 6073 Flüeli-Ranft, Switzerland";"041 666 37 77";"http://www.klausenhof.ch/";"https://maps.google.com/?cid=2291154221532249759"
"Obwalden";"DE";"lodging";"Jugendstil-Hotel Paxmontana";"Dossen 1, 6073 Flüeli-Ranft, Switzerland";"041 666 24 00";"http://www.paxmontana.ch/";"https://maps.google.com/?cid=6049934600980421142"
"Obwalden";"DE";"bar";"Tailormade Hotel KRONE Sarnen";"Brünigstrasse 130, 6060 Sarnen, Switzerland";"041 666 09 09";"https://www.tmh.swiss/krone";"https://maps.google.com/?cid=9418038014573935168"
"Obwalden";"DE";"lodging";"Seehotel Wilerbad";"Wilerbadstrasse 6, 6062 Wilen (Sarnen), Switzerland";"041 662 70 70";"http://www.wilerbad.ch/";"https://maps.google.com/?cid=3364259490027210952"
"Obwalden";"DE";"meal_takeaway";"Honey - Qin's";"Bahnhofpl. 1, 6060 Sarnen, Switzerland";"078 835 08 07";"https://honeyqin.ch/index.html";"https://maps.google.com/?cid=964027828811108505"
"Obwalden";"DE";"bar";"Zum Landenberg";"Gasthaus Zum Landenberg, Restaurant Pappalappa, Jordanstrasse 1, 6060 Sarnen, Switzerland";"041 660 12 12";"http://www.muffis.ch/";"https://maps.google.com/?cid=1308183673192400553"
"Obwalden";"DE";"bar";"Sommerhirsch";"Seestrasse 1, 6060 Sarnen, Switzerland";"";"";"https://maps.google.com/?cid=1042551197046220547"
"Obwalden";"DE";"bar";"Pup Bar Mexikana";"Dorfpl. 11, 6060 Sarnen, Switzerland";"041 661 11 80";"";"https://maps.google.com/?cid=1282015562969885297"
"Obwalden";"DE";"bar";"Mex Bar - Sarnen";"Dorfpl. 11, 6060 Sarnen, Switzerland";"041 661 11 80";"https://ch.salon.ivof.com/371/";"https://maps.google.com/?cid=17147460138995103593"
"Obwalden";"DE";"bakery";"Café & Restaurant zumStein & Bäckerei";"Dorfpl. 9, 6072 Sachseln, Switzerland";"041 662 20 00";"http://www.cafe-zumstein.ch/";"https://maps.google.com/?cid=16048995923006243189"
"Obwalden";"DE";"cafe";"Molini Ristorante & Pizzeria Sarnen";"Bahnhofpl. 4, 6060 Sarnen, Switzerland";"041 662 16 00";"http://www.molini.ch/";"https://maps.google.com/?cid=5003095282126170733"
"Obwalden";"DE";"cafe";"Kaffeerösterei 13/15";"Poststrasse 4, 6060 Sarnen, Switzerland";"041 660 27 27";"https://www.kaffeerösterei-1315.ch/";"https://maps.google.com/?cid=8982976612985273961"
"Obwalden";"DE";"cafe";"Fontaine";"6072 Sachseln, Switzerland";"";"";"https://maps.google.com/?cid=13725386296016477983"
"Obwalden";"DE";"cafe";"Sodahaus";"Bahnhofstrasse 4a, 6060 Sarnen, Switzerland";"041 660 64 92";"https://www.sodahaus.ch/";"https://maps.google.com/?cid=1114568063610972692"
"Obwalden";"DE";"tourist_attraction";"Hohe Brücke";"6073 Sachseln, Switzerland";"";"https://www.sachseln.ch/sehenswuerdigkeiten/1331";"https://maps.google.com/?cid=15252616872679524656"
"Obwalden";"DE";"tourist_attraction";"Sarnen See";"Kiosk Seefeld, 6060 Sarnen, Switzerland";"";"";"https://maps.google.com/?cid=2909994839223975619"
"Obwalden";"DE";"tourist_attraction";"Statue de Nicolas de Flüe";"Herrenmattli 2, 6073 Sachseln, Switzerland";"";"https://fr.m.wikipedia.org/wiki/Nicolas_de_Fl%C3%BCe";"https://maps.google.com/?cid=12421146502888384150"
"Obwalden";"DE";"tourist_attraction";"Zeughaus Landenberg";"Landenbergstrasse, 6060 Sarnen, Switzerland";"";"";"https://maps.google.com/?cid=7482280419436856428"
"Obwalden";"DE";"tourist_attraction";"Schützenhaus Landenberg";"Landenbergstrasse, 6060 Sarnen, Switzerland";"";"http://www.sarnen.ch/de/vereine/sehenswuerdigkeiten/welcome.php?action=showobject&object_id=2149";"https://maps.google.com/?cid=7931505715883467113"
"Schaffhausen";"DE";"bar";"Hotel Park Villa";"Parkstrasse 18, 8200 Schaffhausen, Switzerland";"052 635 60 60";"https://www.parkvilla.ch/?utm_source=google&utm_medium=maps&utm_campaign=gmb";"https://maps.google.com/?cid=2904961863633440438"
"Schaffhausen";"DE";"health";"Hotel Kronenhof";"Kirchhofpl. 7, 8200 Schaffhausen, Switzerland";"052 635 75 75";"https://www.kronenhof.ch/";"https://maps.google.com/?cid=2361558914104311741"
"Schaffhausen";"DE";"restaurant";"Federnhut";"Moserstrasse 10, 8200 Schaffhausen, Switzerland";"052 625 22 94";"https://federnhut.ch/";"https://maps.google.com/?cid=3802979586822518764"
"Schaffhausen";"DE";"restaurant";"Restaurant Laufen Castle at the Rheinfalls";"Areal Schloss Laufen, 8447 Dachsen, Switzerland";"052 659 67 67";"https://www.schlosslaufen.ch/de/";"https://maps.google.com/?cid=7393695262247022813"
"Schaffhausen";"DE";"restaurant";"Restaurant Falken";"Vorstadt 5, 8200 Schaffhausen, Switzerland";"052 625 32 21";"https://www.falken-schaffhausen.ch/";"https://maps.google.com/?cid=14168140941330836897"
"Schaffhausen";"DE";"bar";"Eckhaus";"Stadthausgasse 1, 8200 Schaffhausen, Switzerland";"052 624 55 55";"http://www.eckhaus-bar.ch/";"https://maps.google.com/?cid=6440911654517313000"
"Schaffhausen";"DE";"bar";"Odens-Hall";"Repfergasse 16, 8200 Schaffhausen, Switzerland";"076 530 57 60";"https://pirder.top/odens-hall";"https://maps.google.com/?cid=17706626818108224601"
"Schaffhausen";"DE";"bar";"Fassbeiz";"Webergasse 13, 8200 Schaffhausen, Switzerland";"052 624 09 48";"http://fassbeiz.ch/";"https://maps.google.com/?cid=7026946718899944329"
"Schaffhausen";"DE";"bar";"Restaurant Grünerbaum";"Heinrich Moser-Platz 1, 8212 Neuhausen am Rheinfall, Switzerland";"058 712 01 80";"https://restaurant-gruenerbaum.ch/";"https://maps.google.com/?cid=2056128975331274765"
"Schaffhausen";"DE";"cafe";"El Bertin Glacé";"Unterstadt 13, 8200 Schaffhausen, Switzerland";"052 625 60 03";"http://www.elbertin.ch/";"https://maps.google.com/?cid=15476150567156800456"
"Schaffhausen";"DE";"cafe";"Caffè Spettacolo Schaffhausen";"Fronwagplatz, Vordergasse 86, 8200 Sciaffusa, Switzerland";"076 348 21 33";"http://www.spettacolo.ch/";"https://maps.google.com/?cid=4433148943498554579"
"Schaffhausen";"DE";"beauty_salon";"TERRANOVA - AVEDA Lifestyle Coiffeur & Spa";"Vordergasse 28, 8200 Schaffhausen, Switzerland";"052 625 11 66";"https://www.casaterranova.ch/";"https://maps.google.com/?cid=89695440826413362"
"Schaffhausen";"DE";"cafe";"Café Noordlicht";"Fronwagpl. 28, 8200 Schaffhausen, Switzerland";"052 630 05 02";"https://www.noordlicht.com/";"https://maps.google.com/?cid=14871671109502938804"
"Schaffhausen";"DE";"cafe";"Schwarzbrünneli";"Stadtweg 2, 8245 Feuerthalen, Switzerland";"052 659 33 33";"http://www.schwarz-brünneli.ch/";"https://maps.google.com/?cid=3892631456835378847"
"Schaffhausen";"DE";"tourist_attraction";"Rhine Falls";"8212 Neuhausen am Rheinfall, Switzerland";"";"https://rheinfall.ch/de/";"https://maps.google.com/?cid=8817266302332799271"
"Schaffhausen";"DE";"museum";"Moser Familienmuseum Charlottenfels";"Charlottenfels, Charlottenweg 2, 8212 Neuhausen am Rheinfall, Switzerland";"";"http://www.charlottenfels-museum.ch/";"https://maps.google.com/?cid=12905506444501676448"
"Schaffhausen";"DE";"tourist_attraction";"Stadtarchiv Schaffhausen";"Fronwagpl. 24, 8200 Schaffhausen, Switzerland";"052 632 52 32";"http://www.stadtarchiv-schaffhausen.ch/";"https://maps.google.com/?cid=7636559876773712897"
"Schaffhausen";"DE";"tourist_attraction";"Rosengarten Munot";"Munotstrasse 21, 8200 Schaffhausen, Switzerland";"";"http://www.gruen-schaffhausen.ch/";"https://maps.google.com/?cid=18227192971107982522"
"Schwyz";"DE";"bar";"Hotel Wysses Rössli";"Hauptpl. 3, 6430 Schwyz, Switzerland";"041 811 19 22";"https://www.wysses-roessli.ch/";"https://maps.google.com/?cid=12198042948072959773"
"Schwyz";"DE";"lodging";"Hirschen Backpacker-Hotel & Pub";"Hinterdorfstrasse 14, 6430 Schwyz, Switzerland";"041 811 12 76";"https://hirschen-schwyz.ch/";"https://maps.google.com/?cid=1611620505530837470"
"Schwyz";"DE";"restaurant";"Kebab Hüsli";"Schulgasse 3, 6430 Schwyz, Switzerland";"041 810 12 26";"";"https://maps.google.com/?cid=14732842787591682786"
"Schwyz";"DE";"bar";"Clovers Irish Pub";"Bahnhofstrasse 127, 6423 Seewen, Switzerland";"041 811 56 36";"http://www.clovers.ch/";"https://maps.google.com/?cid=3471927242369976302"
"Schwyz";"DE";"restaurant";"Rose";"Landsgemeindestrasse 50, 6438 Ibach, Switzerland";"041 811 48 42";"";"https://maps.google.com/?cid=1941590684291056579"
"Schwyz";"DE";"bar";"Mything";"Hauptpl. 7, 6430 Schwyz, Switzerland";"041 810 30 00";"https://yellow.local.ch/d/ZTsmP551jYwC7QDWNAYFAg";"https://maps.google.com/?cid=3413628168811350950"
"Schwyz";"DE";"bar";"Kreuz & Quer - Schwyz";"Hauptpl. 7, 6430 Schwyz, Switzerland";"041 810 01 01";"https://ch.local.ivof.com/kreuz-quer/";"https://maps.google.com/?cid=4201635094160438124"
"Schwyz";"DE";"bar";"Güdel Mäntig Apero Lokalität";"Hauptpl. 5, 6430 Schwyz, Switzerland";"";"";"https://maps.google.com/?cid=6988573097302547922"
"Schwyz";"DE";"bakery";"Lüönd Schwyzer Qualitätskonditorei";"Steinbislin 17, 6423 Schwyz, Switzerland";"041 811 20 41";"http://www.luond.ch/";"https://maps.google.com/?cid=4830087393396082787"
"Schwyz";"DE";"bakery";"Lüönd Schwyzer Qualitätskonditorei";"Steinbislin 7b, 6423 Seewen, Switzerland";"041 811 02 60";"http://www.luond.ch/";"https://maps.google.com/?cid=15894628340924191658"
"Schwyz";"DE";"cafe";"McDonald’s";"Steinbislin 5, 6423 Seewen, Switzerland";"041 811 00 85";"https://www.mcdonalds.com/ch/de-ch/location/schwyz/seewen/seewen/steinbislin-5/780194.html";"https://maps.google.com/?cid=6010063296586651928"
"Schwyz";"DE";"bakery";"Cafe Konditorei Ryser";"Schmiedgasse 3, 6430 Schwyz, Switzerland";"041 811 31 20";"http://www.cafe-ryser.ch/";"https://maps.google.com/?cid=5115591249855679467"
"Schwyz";"DE";"cafe";"CaféLaden";"Schulgasse 7, 6430 Schwyz, Switzerland";"041 558 61 00";"https://www.cafeladen.ch/";"https://maps.google.com/?cid=14122026696326025654"
"Schwyz";"DE";"museum";"Bundesbriefmuseum";"Bahnhofstrasse 20, 6430 Schwyz, Switzerland";"041 819 20 64";"https://www.bundesbrief.ch/";"https://maps.google.com/?cid=5853853562078145447"
"Schwyz";"DE";"tourist_attraction";"Stadtführung";"Herrengasse 1, 6430 Schwyz, Switzerland";"";"https://trekky.ch/?ch_qr=maps";"https://maps.google.com/?cid=15249562051423775872"
"Schwyz";"DE";"tourist_attraction";"Erlebnisregion Wiege der Schweiz Fotospot Schwyz Haus Bethlehem";"Taubengasse 3, 6430 Schwyz, Switzerland";"";"http://www.wiegederschweiz.ch/fotospots";"https://maps.google.com/?cid=10331837001172120806"
"Schwyz";"DE";"tourist_attraction";"Haus Bethlehem";"Reichsstrasse 10, 6430 Schwyz, Switzerland";"041 811 45 05";"https://www.irh.ch/";"https://maps.google.com/?cid=7447328365933630347"
"Schwyz";"DE";"tourist_attraction";"Gape4life";"Lückenstrasse 24, 6430 Schwyz, Switzerland";"";"";"https://maps.google.com/?cid=11271798494705117248"
"Solothurn";"DE";"lodging";"Roter Turm";"Hauptgasse 42, 4500 Solothurn, Switzerland";"032 622 96 21";"https://roterturm.ch/";"https://maps.google.com/?cid=17759121370328426133"
"Solothurn";"DE";"lodging";"Martinshof";"Hauptstrasse 81, 4528 Zuchwil, Switzerland";"032 686 26 26";"http://www.martinshof.ch/";"https://maps.google.com/?cid=8360144221154064757"
"Solothurn";"DE";"restaurant";"Zum alten Stephan";"Friedhofpl. 10, 4500 Solothurn, Switzerland";"032 622 11 09";"http://www.alterstephan.ch/";"https://maps.google.com/?cid=2303031799206922780"
"Solothurn";"DE";"bar";"Solheure";"Ritterquai 10, 4500 Solothurn, Switzerland";"032 637 03 03";"https://www.solheure.ch/";"https://maps.google.com/?cid=4499031742354821177"
"Solothurn";"DE";"bar";"Cantinetta Bindella Solothurn";"Ritterquai 3, 4500 Solothurn, Switzerland";"032 623 16 85";"https://www.bindella.ch/restaurants/cantinetta-bindella-solothurn";"https://maps.google.com/?cid=15852514742618346007"
"Solothurn";"DE";"bar";"Salzhaus Restaurant Bar";"Landhausquai 15a, 4500 Solothurn, Switzerland";"032 622 01 01";"https://www.restaurant-salzhaus.ch/";"https://maps.google.com/?cid=10595379114950438862"
"Solothurn";"DE";"bar";"Gate 68";"Seilergasse 6, 4500 Solothurn, Switzerland";"079 897 75 70";"";"https://maps.google.com/?cid=14098901197694633435"
"Solothurn";"DE";"bar";"Cantina del Vino";"Landhausquai 15, 4500 Solothurn, Switzerland";"032 623 11 40";"http://www.cantinadelvino.ch/";"https://maps.google.com/?cid=6313644870775907553"
"Solothurn";"DE";"cafe";"McDonald’s Solothurn";"Dornacherstrasse 28, 4500 Solothurn, Switzerland";"032 621 80 88";"https://www.mcdonalds.ch/de/restaurants/solothurn?utm_source=google&utm_medium=Yext&utm_campaign=780217";"https://maps.google.com/?cid=1664126465175585749"
"Solothurn";"DE";"cafe";"Migros Restaurant - Langendorf - Ladedorf";"Fabrikstrasse 6, 4513 Langendorf, Switzerland";"058 567 84 20";"https://filialen.migros.ch/de/migros-restaurant-langendorf-ladedorf";"https://maps.google.com/?cid=12525337140271206353"
"Solothurn";"DE";"cafe";"Alters- und Pflegeheim Ischimatt";"Ischimattstrasse 7, 4513 Langendorf, Switzerland";"032 625 78 78";"https://www.ischimatt.ch/";"https://maps.google.com/?cid=2010592771483815723"
"Solothurn";"DE";"cafe";"Caffè Spettacolo Solothurn";"Dornacherstrasse 48, 4500 Solothurn, Switzerland";"076 367 18 63";"http://spettacolo.ch/";"https://maps.google.com/?cid=16627563972335097989"
"Solothurn";"DE";"bakery";"Bäckerei - Konditorei - Café DUO";"Schulhausstrasse 10, 4528 Zuchwil, Switzerland";"032 685 32 61";"http://www.baeckerei-duo.ch/";"https://maps.google.com/?cid=12108104679799076214"
"Solothurn";"DE";"museum";"Villa Serdang";"Baselstrasse 1, 4532 Feldbrunnen-St. Niklaus, Switzerland";"";"http://www.serdang.ch/";"https://maps.google.com/?cid=559679711849584321"
"Solothurn";"DE";"church";"Cathedral of Saint Ursus";"Seilergasse 4, 4500 Solothurn, Switzerland";"032 626 46 46";"https://www.solothurn-city.ch/attraktionen/st.-ursen-kathedrale-c34bb5285b";"https://maps.google.com/?cid=3238562699862184811"
"Solothurn";"DE";"museum";"Museum Altes Zeughaus Solothurn";"Zeughauspl. 1, 4500 Solothurn, Switzerland";"032 627 60 70";"https://museum-alteszeughaus.so.ch/";"https://maps.google.com/?cid=16716627978515765364"
"Solothurn";"DE";"museum";"Kunstmuseum Solothurn";"Werkhofstrasse 30, 4500 Solothurn, Switzerland";"032 626 93 80";"http://www.kunstmuseum-so.ch/";"https://maps.google.com/?cid=472428645397034528"
"Solothurn";"DE";"museum";"Museum Blumenstein";"Blumensteinweg 12, 4500 Solothurn, Switzerland";"032 626 93 93";"https://museumblumenstein.ch/";"https://maps.google.com/?cid=13630357273625764796"
"St. Gallen";"DE";"bar";"Einstein St.Gallen";"Berneggstrasse 2, 9000 St. Gallen, Switzerland";"071 227 55 55";"http://www.einstein.ch/";"https://maps.google.com/?cid=10008025969852103455"
"St. Gallen";"DE";"bar";"Militärkantine | Restaurant | Hotel | Café | Bar";"Kreuzbleicheweg 2, 9000 St. Gallen, Switzerland";"071 279 10 00";"http://www.militaerkantine.ch/";"https://maps.google.com/?cid=14620563500447786490"
"St. Gallen";"DE";"bar";"Radisson Blu Hotel, St. Gallen";"St. Jakob-Strasse 55, 9000 St. Gallen, Switzerland";"071 242 12 12";"https://www.radissonhotels.com/en-us/hotels/radisson-blu-st-gallen?cid=a:se+b:gmb+c:emea+i:local+e:rdb+d:cese+h:CHQGL1";"https://maps.google.com/?cid=1767558944689415695"
"St. Gallen";"DE";"restaurant";"Restaurant Jägerhof";"Brühlbleichestrasse 11, 9000 St. Gallen, Switzerland";"071 245 50 22";"https://www.jaegerhof.ch/";"https://maps.google.com/?cid=12573333560516761423"
"St. Gallen";"DE";"movie_theater";"Stiftung Lokremise St.Gallen";"Grünbergstrasse 7, 9000 St. Gallen, Switzerland";"071 277 82 00";"https://www.lokremise.ch/";"https://maps.google.com/?cid=15188262650510546048"
"St. Gallen";"DE";"bar";"Hotel Weisses Kreuz";"Engelgasse 9, 9000 St. Gallen, Switzerland";"071 223 28 43";"http://www.weisseskreuz-sg.ch/";"https://maps.google.com/?cid=5415833187724518824"
"St. Gallen";"DE";"bar";"Hotel Walhalla St.Gallen";"Poststrasse 27, 9000 St. Gallen, Switzerland";"071 228 28 00";"https://www.hotelwalhalla.ch/";"https://maps.google.com/?cid=2519015346946231270"
"St. Gallen";"DE";"bakery";"Bäckerei Schwyter";"Rorschacher Str. 116, 9000 St. Gallen, Switzerland";"071 245 55 00";"http://www.schwyter.com/";"https://maps.google.com/?cid=3349642924517430426"
"St. Gallen";"DE";"cafe";"Chocolaterie am Klosterplatz";"Gallusstrasse 20, 9000 St. Gallen, Switzerland";"071 222 57 70";"https://www.chocolaterie-koelbener.ch/standorte/st-gallen-klosterplatz.html";"https://maps.google.com/?cid=16220409291565033812"
"St. Gallen";"DE";"bakery";"Bäckerei & Café Gschwend Rotmonten";"Guisanstrasse 89, 9010 St. Gallen, Switzerland";"071 245 00 70";"http://www.cafe-gschwend.ch/";"https://maps.google.com/?cid=5472927674432984667"
"St. Gallen";"DE";"bar";"Süd Bar";"Oberer Graben 3, 9000 St. Gallen, Switzerland";"071 220 83 85";"http://www.suedbar.ch/";"https://maps.google.com/?cid=9765588555040216010"
"St. Gallen";"DE";"library";"Abbey Library of Saint Gall";"Klosterhof 6D, 9000 St. Gallen, Switzerland";"071 227 34 16";"https://www.stiftsbezirk.ch/de/";"https://maps.google.com/?cid=3908623397530462250"
"St. Gallen";"DE";"museum";"Culture museum St. Gallen";"Museumstrasse 50, 9000 St. Gallen, Switzerland";"071 242 06 42";"http://www.hvmsg.ch/";"https://maps.google.com/?cid=1060312308529659740"
"St. Gallen";"DE";"park";"Wildpark Peter und Paul";"Kirchlistrasse 92, 9010 St. Gallen, Switzerland";"071 244 51 13";"http://www.wildpark-peterundpaul.ch/";"https://maps.google.com/?cid=8555816466323505135"
"St. Gallen";"DE";"tourist_attraction";"Vadian-Denkmal";"Marktgasse, 9000 St. Gallen, Switzerland";"";"https://www.myswitzerland.com/de-ch/erlebnisse/vadian-denkmal/";"https://maps.google.com/?cid=2580437279431844203"
"St. Gallen";"DE";"tourist_attraction";"Waaghaus";"Bohl 14, 9000 St. Gallen, Switzerland";"071 224 53 32";"https://www.stadt.sg.ch/home/freizeit-tourismus/messen-maerkte-festivals/veranstaltungsorte/waaghaussaal.html";"https://maps.google.com/?cid=2866419123541828278"
"Tessin";"IT";"lodging";"Hotel & Ristorante Croce Federale";"Viale Stazione 12/A, 6500 Bellinzona, Switzerland";"091 825 16 67";"http://www.hotelcrocefederale.ch/";"https://maps.google.com/?cid=6670686737334702380"
"Tessin";"IT";"lodging";"Hotel Ristorante Unione";"Via Henri Guisan 1, 6500 Bellinzona, Switzerland";"091 825 55 77";"http://www.hotelunione.org/";"https://maps.google.com/?cid=18027520186625701668"
"Tessin";"IT";"lodging";"Hotel Ristorante Cereda";"Via Locarno 10, 6514 Sementina, Switzerland";"091 851 80 80";"https://hotelcereda.ch/";"https://maps.google.com/?cid=1225191899310658413"
"Tessin";"IT";"lodging";"Hotel Gamper";"Viale Stazione 29A, 6500 Bellinzona, Switzerland";"091 825 37 92";"https://hotel-gamper.ch/";"https://maps.google.com/?cid=14479981238470090875"
"Tessin";"IT";"hair_care";"Hotel & SPA Internazionale";"Viale Stazione 35, 6500 Bellinzona, Switzerland";"091 825 43 33";"https://hotel-internazionale.ch/";"https://maps.google.com/?cid=10465195014001227825"
"Tessin";"IT";"bar";"Grotto";"Via Monte Tabor 11, 6512 Giubiasco, Switzerland";"091 857 37 57";"http://igrot.ch/sopraceneri/sopraceneri/grotto-torcett";"https://maps.google.com/?cid=10197284309116408865"
"Tessin";"IT";"bar";"Il Fermento";"Via Codeborgo 12, 6500 Bellinzona, Switzerland";"091 835 57 57";"http://ilfermento.ch/";"https://maps.google.com/?cid=563438323062041691"
"Tessin";"IT";"bar";"Cantina del Bon";"Piazza Nosetto 4B, 6500 Bellinzona, Switzerland";"091 224 81 60";"";"https://maps.google.com/?cid=13915579328349224231"
"Tessin";"IT";"bar";"Folk Bar Bellinzona";"Via Ludovico il Moro 7, 6500 Bellinzona, Switzerland";"091 825 03 05";"";"https://maps.google.com/?cid=9012185973866961781"
"Tessin";"IT";"bakery";"De Giovanetti Sagl";"Via al Ticino 22, 6514 Sementina, Switzerland";"091 857 14 55";"http://www.degiovanetti.ch/";"https://maps.google.com/?cid=6926122282452446933"
"Tessin";"IT";"bakery";"Pasticceria Filippini";"Via Molinazzo 1, 6500 Arbedo, Switzerland";"091 829 14 46";"http://www.pasticceriafilippini.ch/";"https://maps.google.com/?cid=10666385376190244691"
"Tessin";"IT";"cafe";"McDonald's";"Via Franco Zorzi 36, 6500 Bellinzona, Switzerland";"091 826 13 68";"https://www.mcdonalds.ch/it/ristoranti/bellinzona?utm_source=google&utm_medium=Yext&utm_campaign=780056";"https://maps.google.com/?cid=10403403226490144021"
"Tessin";"IT";"bar";"Snack Bar Viale";"Viale Stazione 18, 6500 Bellinzona, Switzerland";"091 825 73 03";"http://www.viale.ch/";"https://maps.google.com/?cid=4459634298624947435"
"Tessin";"IT";"cafe";"L’arte del caffè";"Viale Portone 45, 6500 Bellinzona, Switzerland";"";"https://www.instagram.com/lartedelcaffebellinzona?igsh=aXh2bWphNGRlbWJz&utm_source=qr";"https://maps.google.com/?cid=9999268507549987653"
"Tessin";"IT";"cafe";"Snack Bar Visagno Elenin Croissant et Ratatouille";"Viale Portone 1, 6500 Bellinzona, Switzerland";"";"";"https://maps.google.com/?cid=16554218123454204270"
"Tessin";"IT";"museum";"Castel Grande";"Salita Castelgrande 18, 6500 Bellinzona, Switzerland";"";"https://fortezzabellinzona.ch/";"https://maps.google.com/?cid=2350720366296270082"
"Tessin";"IT";"church";"Chiesa di Santa Maria delle Grazie";"Via Convento 5, 6500 Bellinzona, Switzerland";"";"https://www.ticino.ch/it/commons/details/Chiesa-di-Santa-Maria-delle-Grazie/80199.html";"https://maps.google.com/?cid=5238683748280123557"
"Tessin";"IT";"church";"Chiesa di San Sebastiano";"Via Cavargna 10, 6500 Bellinzona, Switzerland";"";"http://www.ticino.ch/en/commons/details/Chiesa-di-S-Sebastiano/5086.html";"https://maps.google.com/?cid=3338610368229974417"
"Tessin";"IT";"museum";"Castello di Sasso Corbaro";"Via Sasso Corbaro 44, 6500 Bellinzona, Switzerland";"091 825 59 06";"http://www.fortezzabellinzona.ch/";"https://maps.google.com/?cid=14562552749947853346"
"Tessin";"IT";"museum";"Castello di Montebello";"Via Artore 4, 6500 Bellinzona, Switzerland";"091 825 13 42";"http://www.fortezzabellinzona.ch/";"https://maps.google.com/?cid=1565143285106048693"
"Thurgau";"DE";"lodging";"Gasthof Eisenbahn";"Bahnhofstrasse 2, 8570 Weinfelden, Switzerland";"071 622 10 60";"http://www.gasthof-eisenbahn.ch/";"https://maps.google.com/?cid=2660943913587670101"
"Thurgau";"DE";"restaurant";"Restaurant AZB";"Viaduktstrasse 9, 9565 Bussnang, Switzerland";"071 626 60 58";"";"https://maps.google.com/?cid=1149756874996515330"
"Thurgau";"DE";"cafe";"McDonald’s";"Dunantstrasse 6, 8570 Weinfelden, Switzerland";"071 620 31 70";"https://www.mcdonalds.ch/de/restaurants/weinfelden?utm_source=google&utm_medium=Yext&utm_campaign=780183";"https://maps.google.com/?cid=4258305684116238991"
"Thurgau";"DE";"restaurant";"Gasthaus Hirschen";"Kirchstrasse 2, 9562 Märwil, Switzerland";"071 655 11 33";"http://www.hirschen-märwil.ch/";"https://maps.google.com/?cid=7442111423929459124"
"Thurgau";"DE";"restaurant";"Coop Restaurant";"Fichtenstrasse 18, 8570 Weinfelden, Switzerland";"071 626 28 70";"https://www.coop-restaurant.ch/de/restaurantfinder/finderdetailpage.4583.html";"https://maps.google.com/?cid=17240823233375296807"
"Thurgau";"DE";"bar";"Nelson Pub";"Frauenfelderstrasse 50, 8570 Weinfelden, Switzerland";"076 321 49 95";"http://nelson-pub-weinfelden.ch/";"https://maps.google.com/?cid=17540496846560072410"
"Thurgau";"DE";"bar";"Plöööree - Team";"Hauptstrasse, 9565 Bussnang, Switzerland";"";"";"https://maps.google.com/?cid=12702181499395724849"
"Thurgau";"DE";"bar";"Kuhstallbar";"Kirchstrasse 2, 9562 Märwil, Switzerland";"071 655 18 28";"";"https://maps.google.com/?cid=16600795429369232602"
"Thurgau";"DE";"bar";"Abseits";"Weststrasse 14, 8570 Weinfelden, Switzerland";"";"";"https://maps.google.com/?cid=13412519146051830781"
"Thurgau";"DE";"bar";"Vanonis Budde";"Kanzleistrasse 3, 8514 Amlikon-Bissegg, Switzerland";"";"";"https://maps.google.com/?cid=4547867261748494617"
"Thurgau";"DE";"bakery";"Café MohnArt - Bäckerei Mohn AG";"Wilerstrasse 3, 8570 Weinfelden, Switzerland";"071 622 85 55";"https://www.beckmohn.ch/standorte/weinfelden-cafe-mohnart";"https://maps.google.com/?cid=8346266580293664967"
"Thurgau";"DE";"bar";"Jack's Café";"Bahnhofstrasse 1, 8570 Weinfelden, Switzerland";"071 622 10 20";"http://www.jackscafe.ch/";"https://maps.google.com/?cid=16743534783823866809"
"Thurgau";"DE";"bakery";"Café La Stazione - Bäckerei Mohn AG";"Pestalozzistrasse 18, 8570 Weinfelden, Switzerland";"071 620 23 37";"https://www.beckmohn.ch/standorte/weinfelden-la-stazione";"https://maps.google.com/?cid=831429243807868523"
"Thurgau";"DE";"cafe";"KafiTreff";"Hermannstrasse 4a, 8570 Weinfelden, Switzerland";"079 744 94 45";"https://shtg.blaueskreuz.ch/kafitreff";"https://maps.google.com/?cid=4804017002321212063"
"Thurgau";"DE";"tourist_attraction";"Mittelpunkt des Kantons Thurgau";"8570 Weinfelden, Switzerland";"";"";"https://maps.google.com/?cid=6578868159108651318"
"Uri";"DE";"lodging";"Höfli";"Hellgasse 20, 6460 Altdorf, Switzerland";"041 875 02 75";"https://www.hotel-hoefli.ch/";"https://maps.google.com/?cid=5838203167260399849"
"Uri";"DE";"bar";"Goldener Schlüssel Altdorf";"Schützengasse 9, 6460 Altdorf, Switzerland";"041 870 80 90";"http://www.schluessel-altdorf.ch/";"https://maps.google.com/?cid=13330217389961998248"
"Uri";"DE";"lodging";"Hotel Krone";"Freiherrenstrasse 16, 6468 Attinghausen, Switzerland";"041 870 10 55";"http://www.kronehotel.ch/";"https://maps.google.com/?cid=15429133910186080260"
"Uri";"DE";"lodging";"Berggasthaus Eggberge";"Eggberge 2, 6460 Altdorf, Switzerland";"041 870 28 66";"https://berggasthaus-eggberge.ch/";"https://maps.google.com/?cid=11166402507587983696"
"Uri";"DE";"restaurant";"Restaurant Kreuz";"Vorstadt 1, 6460 Altdorf, Switzerland";"041 870 26 67";"http://www.kreuzaltdorf.ch/";"https://maps.google.com/?cid=15161501304357868209"
"Uri";"DE";"bar";"Kaffee Krá";"Schützengasse 6, 6460 Altdorf, Switzerland";"";"http://www.kaffeekra.ch/";"https://maps.google.com/?cid=4830388600552150565"
"Uri";"DE";"bar";"Havanna Club";"Gurtenmundstrasse 31, 6460 Altdorf, Switzerland";"";"";"https://maps.google.com/?cid=2137310547954505855"
"Uri";"DE";"bar";"Tellenbar";"Tellsgasse 27, 6460 Altdorf, Switzerland";"041 870 04 90";"http://www.tellenbar.ch/";"https://maps.google.com/?cid=7458878147484357862"
"Uri";"DE";"bar";"Thall Pub";"Tellsgasse 27, 6460 Altdorf, Switzerland";"041 870 10 30";"https://www.thallpub.ch/";"https://maps.google.com/?cid=10137578742739312767"
"Uri";"DE";"cafe";"Kulturkloster Altdorf - Seminar- und Kulturhaus";"Kapuzinerweg 22, 6460 Altdorf, Switzerland";"041 874 18 50";"http://www.kulturkloster.ch/";"https://maps.google.com/?cid=7255463707115236963"
"Uri";"DE";"cafe";"Romantico";"Schmiedgasse 16, 6460 Altdorf, Switzerland";"041 871 02 58";"http://www.hauger.ch/";"https://maps.google.com/?cid=2040218812280711936"
"Uri";"DE";"cafe";"Kafe im griänä Hüüs";"Gotthardstrasse 4a, 6460 Altdorf, Switzerland";"041 871 13 50";"https://kafe.grüneshaus.ch/";"https://maps.google.com/?cid=15884964677793703269"
"Uri";"DE";"cafe";"Café Rondo";"Bahnhofstrasse 66, 6460 Altdorf, Switzerland";"041 871 10 04";"";"https://maps.google.com/?cid=9956891360455983393"
"Uri";"DE";"cafe";"Seed - Specialty Coffee & Wines";"Bahnhofpl. 2, 6460 Altdorf, Switzerland";"";"http://www.seedwineandcoffee.com/";"https://maps.google.com/?cid=6187491980676626960"
"Uri";"DE";"museum";"Uri Historical Museum";"Gotthardstrasse 18, 6460 Altdorf, Switzerland";"041 870 19 06";"http://www.hvu.ch/";"https://maps.google.com/?cid=6534173443325309410"
"Uri";"DE";"tourist_attraction";"Dorfbrunnen, Altdorf";"Altdorf UR, Gemeindehaus, 6460 Altdorf, Switzerland";"";"";"https://maps.google.com/?cid=11064832255504621383"
"Uri";"DE";"tourist_attraction";"dr Baim";"Lehnpl. 20, 6460 Altdorf, Switzerland";"";"";"https://maps.google.com/?cid=8239076316976265315"
"Uri";"DE";"tourist_attraction";"Fotospot Altdorf UR";"Kaputzinergasse 17-19, 6460 Altdorf, Switzerland";"";"";"https://maps.google.com/?cid=6133768570301271990"
"Uri";"DE";"tourist_attraction";"Brunnen, Altdorf";"Marktgasse 6, 6460 Altdorf, Switzerland";"";"";"https://maps.google.com/?cid=17433659416589419489"
"Waadt";"FR";"cafe";"Hôtel du Port";"Pl. du Port 5, 1006 Lausanne, Switzerland";"021 612 04 44";"http://www.hotel-du-port.ch/";"https://maps.google.com/?cid=13880492880390313310"
"Waadt";"FR";"bar";"Lausanne Palace";"Rue du Grand-Chêne 7/9, 1003 Lausanne, Switzerland";"021 331 31 31";"http://www.lausanne-palace.ch/";"https://maps.google.com/?cid=7333353458797821698"
"Waadt";"FR";"bar";"Alpha by Fassbind";"Rue du Petit-Chêne 34, 1003 Lausanne, Switzerland";"021 555 59 99";"http://www.byfassbind.com/";"https://maps.google.com/?cid=11897843386715458433"
"Waadt";"FR";"lodging";"Hôtel Angleterre";"Pl. du Port 11, 1006 Lausanne, Switzerland";"021 613 34 34";"http://www.hotelangleterre.ch/";"https://maps.google.com/?cid=2217341826093139332"
"Waadt";"FR";"lodging";"Beau-Rivage Palace";"Chem. de Beau-Rivage 21, 1006 Lausanne, Switzerland";"021 613 33 33";"http://www.brp.ch/";"https://maps.google.com/?cid=17935818078604119993"
"Waadt";"FR";"bar";"Hôtel Bellerive";"Av. de Cour 99, 1007 Lausanne, Switzerland";"021 614 90 00";"http://hotelbellerive.ch/?lang=en";"https://maps.google.com/?cid=3619196574196029539"
"Waadt";"FR";"bar";"The Great Escape";"Rue Madeleine 18, 1003 Lausanne, Switzerland";"021 312 31 94";"https://the-great.ch/";"https://maps.google.com/?cid=1004162171627377463"
"Waadt";"FR";"bar";"La Mise en Bière - Magasin & Bar";"Rue de la Tour 14, 1004 Lausanne, Switzerland";"021 211 89 22";"https://lamise.ch/";"https://maps.google.com/?cid=1118617808850199653"
"Waadt";"FR";"cafe";"Le Ticino - Restaurant Lausanne";"Pl. de la Gare 12, 1003 Lausanne, Switzerland";"021 320 32 04";"http://leticino.ch/";"https://maps.google.com/?cid=9087118849253210612"
"Waadt";"FR";"cafe";"Café Romand";"Pl. Saint-François 2, 1003 Lausanne, Switzerland";"021 312 63 75";"http://www.cafe-romand.ch/";"https://maps.google.com/?cid=13593497949893709758"
"Waadt";"FR";"cafe";"Le Saint Pierre Restaurant";"Pl. Benjamin-Constant 1, 1003 Lausanne, Switzerland";"021 323 36 36";"http://www.lesaintpierre.ch/";"https://maps.google.com/?cid=11981652612733262749"
"Waadt";"FR";"cafe";"Café du Grütli";"Rue Mercerie 4, 1003 Lausanne, Switzerland";"021 312 94 93";"http://www.cafedugruetli.ch/";"https://maps.google.com/?cid=372563093579717337"
"Waadt";"FR";"museum";"The Olympic Museum";"Quai d'Ouchy 1, 1006 Lausanne, Switzerland";"021 621 65 11";"https://www.olympics.com/museum";"https://maps.google.com/?cid=2905112565836626472"
"Waadt";"FR";"church";"Lausanne Cathedral";"Pl. de la Cathédrale 1, 1005 Lausanne, Switzerland";"021 316 71 61";"http://www.cathedrale-lausanne.ch/accueil/";"https://maps.google.com/?cid=2664085346559393786"
"Waadt";"FR";"book_store";"Musée de l'Elysée";"Pl. de la Gare 17, 1003 Lausanne, Switzerland";"021 318 44 00";"https://www.elysee.ch/";"https://maps.google.com/?cid=2455390431676519533"
"Waadt";"FR";"art_gallery";"Swiss Art Space";"Rue du Valentin 32, 1004 Lausanne, Switzerland";"021 320 39 77";"https://www.facebook.com/swissartspace/?ref=settings";"https://maps.google.com/?cid=3378158235560007980"
"Waadt";"FR";"museum";"Fondation de l'Hermitage";"Rte du Signal 2, 1018 Lausanne, Switzerland";"021 320 50 01";"http://www.fondation-hermitage.ch/";"https://maps.google.com/?cid=14391060358795425272"
"Wallis";"DE/FR";"lodging";"Hôtel Castel";"Rue du Scex 38, 1950 Sion, Switzerland";"027 527 21 00";"http://www.hotelcastel.ch/";"https://maps.google.com/?cid=7079674216770617119"
"Wallis";"DE/FR";"lodging";"Hotel Élite";"Av. du Midi 6, 1950 Sion, Switzerland";"027 322 03 27";"http://www.hotelelitesion.ch/";"https://maps.google.com/?cid=16216661142896623748"
"Wallis";"DE/FR";"bakery";"Zenhäusern";"Pl. du Midi 33, 1950 Sion, Switzerland";"027 552 52 01";"http://www.chezzen.ch/";"https://maps.google.com/?cid=6727407255208963298"
"Wallis";"DE/FR";"cafe";"Restaurant Francesca Sion";"Rue de Pré-Fleuri 2, C, 1950 Sion, Switzerland";"027 322 70 88";"https://www.francesca.com/fr/restaurants/francesca-sion?utm_source=google&utm_medium=organic&utm_campaign=mybusiness-website";"https://maps.google.com/?cid=7188748541427900069"
"Wallis";"DE/FR";"bar";"Café restaurant l'Agora";"Rue du Vieux-Moulin 8, 1950 Sion, Switzerland";"027 327 22 44";"http://fondationstjoseph.ch/restaurant-lagora/";"https://maps.google.com/?cid=5725579077393463978"
"Wallis";"DE/FR";"bar";"Bar Café Giorgio";"Espace des Remparts 14, 1950 Sion, Switzerland";"027 203 53 53";"https://www.facebook.com/restaurantgiorgiosion";"https://maps.google.com/?cid=17444607021155600491"
"Wallis";"DE/FR";"bar";"The Dugout Sports Bar";"Rue du Scex 5, 1950 Sion, Switzerland";"027 322 21 74";"https://www.facebook.com/thedugoutsports/#";"https://maps.google.com/?cid=2552496088619740610"
"Wallis";"DE/FR";"bar";"Le Boulevard";"Pl. du Midi 23, 1950 Sion, Switzerland";"027 321 12 00";"https://boulevardcafe.ch/";"https://maps.google.com/?cid=2396592364742345085"
"Wallis";"DE/FR";"bar";"Le Sillon By Ruben";"Rue de Conthey 17, 1950 Sion, Switzerland";"076 393 68 80";"https://www.instagram.com/bar_le_sillon_by_ruben?igsh=YzdteTl6c3QwNm1o";"https://maps.google.com/?cid=13270718474989934899"
"Wallis";"DE/FR";"cafe";"Café de la Poste";"Rte de la Vernaz 17, 1992 La Vernaz, Switzerland";"027 207 12 61";"https://cafeposte.tripcombined.com/";"https://maps.google.com/?cid=10445211060967977625"
"Wallis";"DE/FR";"cafe";"Station-service TAMOIL Sion (Tourbillon)";"Av. de Tourbillon 23, 1950 Sion, Switzerland";"027 322 61 74";"https://www.tamoil.ch/";"https://maps.google.com/?cid=8452211085133356124"
"Wallis";"DE/FR";"museum";"Valais Art Museum";"Pl. de la Majorie 15, 1950 Sion, Switzerland";"027 606 46 90";"https://musee-art-valais.ch/";"https://maps.google.com/?cid=13781929063320029807"
"Wallis";"DE/FR";"museum";"Valais History Museum";"Basilique de Valère, 1950 Sion, Switzerland";"027 606 47 15";"https://musee-histoire-valais.ch/";"https://maps.google.com/?cid=10741271055113477436"
"Wallis";"DE/FR";"bar";"Cave Bridy - Dégustations & expériences œnotouristiques à Savièse proche Sion";"Rte de Roumaz 54, 1965 Savièse, Switzerland";"027 395 33 34";"http://www.bridy.ch/";"https://maps.google.com/?cid=17246281864864819713"
"Wallis";"DE/FR";"church";"Basilique de Valère";"Rue des Châteaux, 1950 Sion, Switzerland";"027 606 47 15";"https://www.musees-valais.ch/musee-histoire/presentation.html";"https://maps.google.com/?cid=11883462262085130654"
"Wallis";"DE/FR";"park";"Domaine des Iles";"Rte des Iles, 1950 Sion, Switzerland";"";"https://les-iles.bourgeoisie-de-sion.ch/";"https://maps.google.com/?cid=2329021665924049641"
"Zug";"DE";"lodging";"City Garden Hotel";"Metallstrasse 20, 6302 Zug, Switzerland";"041 727 44 44";"http://www.citygarden.ch/";"https://maps.google.com/?cid=12422458821227256245"
"Zug";"DE";"lodging";"Hotel Restaurant Guggital";"Zugerbergstrasse 46, 6300 Zug, Switzerland";"041 728 74 17";"http://www.guggital.ch/";"https://maps.google.com/?cid=5893983162365095149"
"Zug";"DE";"bar";"Park Hotel Zug";"Industriestrasse 14, 6302 Zug, Switzerland";"041 727 48 48";"http://www.parkhotel.ch/";"https://maps.google.com/?cid=1991465697342958386"
"Zug";"DE";"bar";"City-Hotel Ochsen";"Kolinpl. 11, 6300 Zug, Switzerland";"041 729 32 32";"https://www.ochsen-zug.ch/";"https://maps.google.com/?cid=3975690579464954808"
"Zug";"DE";"restaurant";"Coop Restaurant Zug City";"Bundespl. 11, 6300 Zug, Switzerland";"041 414 50 60";"https://www.coop-restaurant.ch/de/restaurantfinder/finderdetailpage.2532.html";"https://maps.google.com/?cid=1520555501945577734"
"Zug";"DE";"bar";"Restaurant Schiff & Catering";"Graben 2, 6300 Zug, Switzerland";"041 711 00 55";"http://restaurant-schiff.ch/";"https://maps.google.com/?cid=10977850760626334781"
"Zug";"DE";"bar";"Mr. Pickwick Pub Zug";"Alpenstrasse 11, 6300 Zug, Switzerland";"041 711 10 04";"https://www.pickwick.ch/en/our-pub/zug/home/index.php";"https://maps.google.com/?cid=9157194467013171449"
"Zug";"DE";"bar";"Chicago Bar";"Baarerstrasse 63, 6300 Zug, Switzerland";"041 710 02 67";"http://www.chicagobar.ch/";"https://maps.google.com/?cid=3623623364966482786"
"Zug";"DE";"cafe";"Mc Donald’s";"Zugerstrasse 62, 6340 Baar, Switzerland";"041 760 65 06";"https://www.mcdonalds.ch/de/restaurants/baar?utm_source=google&utm_medium=Yext&utm_campaign=780052";"https://maps.google.com/?cid=5409420910761696893"
"Zug";"DE";"bakery";"Confiserie Café Speck Metalli";"Metalli, Metallstrasse 4, 6300 Zug, Switzerland";"041 728 07 11";"http://www.speck.ch/";"https://maps.google.com/?cid=6907630726175173092"
"Zug";"DE";"bakery";"Confiserie Café Speck, Zuger Kirschtorten";"Alpenstrasse 12, 6302 Zug, Switzerland";"041 728 07 10";"https://www.speck.ch/";"https://maps.google.com/?cid=1471429628531526439"
"Zug";"DE";"bakery";"Bäckerei Bossard";"Gubelstrasse 24, 6300 Zug, Switzerland";"041 710 49 36";"https://www.beck-bossard.ch/";"https://maps.google.com/?cid=17753692487917579569"
"Zug";"DE";"museum";"Museum Burg Zug";"Kirchenstrasse 11, 6300 Zug, Switzerland";"041 728 29 70";"https://www.burgzug.ch/";"https://maps.google.com/?cid=12208747002237519873"
"Zug";"DE";"museum";"Afrika Museum Zug";"Sankt-Oswalds-Gasse 17, 6300 Zug, Switzerland";"041 711 04 17";"http://afrikamuseumzug.ch/";"https://maps.google.com/?cid=8918202848731935828"
"Zug";"DE";"tourist_attraction";"Kolinbrunnen";"Kolinpl., 6300 Zug, Switzerland";"";"";"https://maps.google.com/?cid=14305870290832920073"
"Zug";"DE";"tourist_attraction";"Hechtbrunnen";"Fischmarkt, 6300 Zug, Switzerland";"";"https://www.guidle.com/de/ausfluege/zug/sehenswuerdigkeit/hechtbrunnen_A341264";"https://maps.google.com/?cid=13357205689682728654"
"Zug";"DE";"tourist_attraction";"Zugerberg";"Schönegg 3, 6300 Zug, Switzerland";"041 711 53 76";"http://www.zug-tourismus.ch/de/zug-tourismus/unterwegs-in-zug/zugerberg";"https://maps.google.com/?cid=13703695326140285625"
"Zürich";"DE";"bar";"Central Plaza Hotel";"Central 1, 8001 Zürich, Switzerland";"044 256 56 56";"http://www.central.ch/";"https://maps.google.com/?cid=18123529191537034270"
"Zürich";"DE";"bar";"Crowne Plaza Zurich by IHG";"Badenerstrasse 420, 8040 Zürich, Switzerland";"044 404 44 44";"https://www.ihg.com/crowneplaza/hotels/gb/en/zurich/zrhha/hoteldetail?cm_mmc=GoogleMaps-_-CP-_-CH-_-ZRHHA";"https://maps.google.com/?cid=11524022711217081620"
"Zürich";"DE";"lodging";"Hotel Glärnischhof by Trinity";"Claridenstrasse 30, 8002 Zürich, Switzerland";"043 344 56 74";"http://www.hotelglaernischhof.ch/";"https://maps.google.com/?cid=5824896353136113663"
"Zürich";"DE";"lodging";"Hotel Helmhaus";"Schifflände 30, 8001 Zürich, Switzerland";"044 266 95 95";"https://www.helmhaus.ch/";"https://maps.google.com/?cid=10319401436354332649"
"Zürich";"DE";"bar";"Hotel Glockenhof";"Sihlstrasse 31, 8001 Zürich, Switzerland";"044 225 91 91";"http://www.glockenhof.ch/";"https://maps.google.com/?cid=3179510379137357629"
"Zürich";"DE";"bar";"Hotel Krone Unterstrass";"Schaffhauserstrasse 1, 8006 Zürich, Switzerland";"044 360 56 56";"http://www.hotel-krone.ch/?utm_source=Google&utm_medium=Local&utm_campaign=Local";"https://maps.google.com/?cid=6608802999910483483"
"Zürich";"DE";"bar";"Limmatblick";"Limmatquai 136, 8001 Zürich, Switzerland";"044 254 60 00";"http://www.limmatblick.ch/";"https://maps.google.com/?cid=5720614210391799982"
"Zürich";"DE";"bar";"Cabaret Voltaire";"Spiegelgasse 1, 8001 Zürich, Switzerland";"043 268 08 44";"http://www.cabaretvoltaire.ch/";"https://maps.google.com/?cid=7083355179671221757"
"Zürich";"DE";"bar";"Altstadt Boutique Hotel & Bar Zürich";"Kirchgasse 4, 8001 Zürich, Switzerland";"044 250 53 53";"https://hotel-altstadt.ch/";"https://maps.google.com/?cid=11864529137376744433"
"Zürich";"DE";"bar";"Metropol";"Fraumünsterstrasse 12, 8001 Zürich, Switzerland";"044 200 59 00";"http://www.metropol-restaurant.ch/";"https://maps.google.com/?cid=15678850448822280147"
"Zürich";"DE";"bar";"blue Cinema Abaton";"Heinrichstrasse 269, 8005 Zürich, Switzerland";"";"https://bluecinema.ch/de/cinemas-de/zu-abaton/?regionId=f47e9dc9-1255-444b-a033-c73bcf885cd7";"https://maps.google.com/?cid=2663173230909754601"
"Zürich";"DE";"bar";"La Stanza";"Bleicherweg 10, 8002 Zürich, Switzerland";"";"http://www.lastanza.ch/";"https://maps.google.com/?cid=15443522598094011580"
"Zürich";"DE";"park";"Rieterpark";"Gablerstrasse 15, 8002 Zürich, Switzerland";"044 412 24 05";"https://www.zuerich.com/en/visit/nature/rieterpark";"https://maps.google.com/?cid=4808570123646561314"
"Zürich";"DE";"museum";"Kunsthaus Zürich";"Heimpl. 1/5, 8001 Zürich, Switzerland";"044 253 84 84";"https://www.kunsthaus.ch/";"https://maps.google.com/?cid=15694396249956420515"
"Zürich";"DE";"library";"Zentralbibliothek Zürich";"Zähringerpl. 6, 8001 Zürich, Switzerland";"044 636 40 00";"https://www.zb.uzh.ch/";"https://maps.google.com/?cid=1911623177385973777"
"Zürich";"DE";"tourist_attraction";"Zürich Opera House";"Falkenstrasse 1, 8001 Zürich, Switzerland";"044 268 66 66";"https://www.opernhaus.ch/";"https://maps.google.com/?cid=5857692385033681046"